Date,Total Fund USD,Fund Cumulative in USD,Fund Cumulative
8/1/2015,453.5022521,453.5022521,0
8/1/2015,565.2581643,565.2581643,0
8/1/2015,-161.96509,-161.96509,0
8/1/2015,307.7336711,307.7336711,0
8/1/2015,356.3231981,356.3231981,0
8/1/2015,682.6828545,682.6828545,0
8/1/2015,502.0917791,502.0917791,0
8/1/2015,404.9127251,404.9127251,0
8/2/2015,648.0385218,648.0385218,0
8/2/2015,613.4103855,613.4103855,0
8/2/2015,582.9447521,582.9447521,0
8/2/2015,543.3604841,543.3604841,0
8/5/2015,659.4192736,659.4192736,0
8/5/2015,544.3896259,544.3896259,0
8/5/2015,607.4195699,607.4195699,0
8/5/2015,654.6920278,654.6920278,0
8/10/2015,648.8953923,648.8953923,0
8/10/2015,632.1950599,632.1950599,0
8/10/2015,616.2899814,616.2899814,0
8/10/2015,600.3849029,600.3849029,0
8/10/2015,530.084456,530.084456,0
8/10/2015,482.3692205,482.3692205,0
8/10/2015,498.274299,498.274299,0
8/10/2015,434.653985,434.653985,0
8/10/2015,466.464142,466.464142,0
8/10/2015,450.5590635,450.5590635,0
8/17/2015,459.2061069,459.2061069,0
8/17/2015,505.0076336,505.0076336,0
8/17/2015,512.6412214,512.6412214,0
8/17/2015,527.9083969,527.9083969,0
8/17/2015,535.5419847,535.5419847,0
8/17/2015,421.0381679,421.0381679,0
8/17/2015,443.9389313,443.9389313,0
8/22/2015,544.2013734,544.2013734,0
8/25/2015,436.3126598,436.3126598,0
8/25/2015,409.2313842,409.2313842,0
8/25/2015,387.5084357,387.5084357,0
8/25/2015,365.7854873,365.7854873,0
8/25/2015,373.0264701,373.0264701,0
8/27/2015,363.5741361,363.5741361,0
9/1/2015,406.5647984,406.5647984,0
9/1/2015,350.4259813,350.4259813,0
9/1/2015,421.5351496,421.5351496,0
9/1/2015,443.9906765,443.9906765,0
9/1/2015,458.9610277,458.9610277,0
9/1/2015,466.4462033,466.4462033,0
9/1/2015,387.8518594,387.8518594,0
9/1/2015,380.3666838,380.3666838,0
9/1/2015,346.6833935,346.6833935,0
9/1/2015,369.1389204,369.1389204,0
9/1/2015,339.1982179,339.1982179,0
9/1/2015,331.7130423,331.7130423,0
9/1/2015,324.2278667,324.2278667,0
9/1/2015,372.8815082,372.8815082,0
9/1/2015,357.911157,357.911157,0
9/1/2015,305.5149277,305.5149277,0
9/1/2015,365.3963326,365.3963326,0
9/2/2015,241.0771035,241.0771035,0
9/2/2015,-40.31379711,-40.31379711,0
9/2/2015,-30.1682079,-30.1682079,0
9/2/2015,240.1819044,240.1819044,0
9/2/2015,-5.102634571,-5.102634571,0
9/2/2015,218.6971273,218.6971273,0
9/2/2015,226.1571194,226.1571194,0
9/2/2015,-20.0226187,-20.0226187,0
9/2/2015,183.4859648,183.4859648,0
9/3/2015,247.0197788,247.0197788,0
9/10/2015,252.4386805,252.4386805,0
9/10/2015,256.1297362,256.1297362,0
9/10/2015,263.5118476,263.5118476,0
9/10/2015,300.4224044,300.4224044,0
9/10/2015,307.8045158,307.8045158,0
9/15/2015,297.5489094,297.5489094,0
9/20/2015,308.2334443,308.2334443,0
9/20/2015,304.4464204,304.4464204,0
9/25/2015,292.7206013,292.7206013,0
10/1/2015,345.191851,345.191851,0
10/1/2015,307.1382472,307.1382472,0
10/1/2015,299.5275265,299.5275265,0
10/5/2015,313.2742898,313.2742898,0
10/5/2015,281.7199288,281.7199288,0
10/5/2015,262.731737,262.731737,0
10/5/2015,243.7435452,243.7435452,0
10/10/2015,277.6323607,277.6323607,0
10/10/2015,293.6906846,293.6906846,0
10/10/2015,301.7198465,301.7198465,0
10/15/2015,249.0515386,249.0515386,0
10/15/2015,330.4994877,330.4994877,0
10/15/2015,289.7755132,289.7755132,0
10/15/2015,273.4859234,273.4859234,0
10/20/2015,311.3669296,311.3669296,0
10/20/2015,296.0714861,296.0714861,0
10/20/2015,284.173241,284.173241,0
10/20/2015,271.2928675,271.2928675,0
10/20/2015,258.412494,258.412494,0
10/20/2015,270.4878441,270.4878441,0
10/20/2015,318.7892449,318.7892449,0
10/25/2015,168.221392,168.221392,0
10/25/2015,73.00173617,73.00173617,0
10/25/2015,184.0913347,184.0913347,0
10/25/2015,311.0508759,311.0508759,0
10/25/2015,287.2459619,287.2459619,0
10/30/2015,142.3089073,142.3089073,0
10/30/2015,17.20217561,17.20217561,0
10/30/2015,153.2557463,153.2557463,0
10/30/2015,168.8940878,168.8940878,0
11/1/2015,177.5386854,177.5386854,0
11/1/2015,238.0275295,238.0275295,0
11/2/2015,273.3781527,273.3781527,0
11/2/2015,320.5123169,320.5123169,0
11/3/2015,293.9917043,293.9917043,0
11/5/2015,230.164473,230.164473,0
11/5/2015,227.011535,227.011535,0
11/5/2015,264.8467909,264.8467909,0
11/5/2015,223.858597,223.858597,0
11/5/2015,244.3526939,244.3526939,0
11/5/2015,203.3645001,203.3645001,0
11/15/2015,217.4618829,217.4618829,0
11/15/2015,263.4045342,263.4045342,0
11/15/2015,286.3758599,286.3758599,0
11/20/2015,233.0500624,233.0500624,0
11/20/2015,178.3310071,178.3310071,0
11/20/2015,271.6498475,271.6498475,0
11/20/2015,233.9146976,233.9146976,0
11/20/2015,261.320545,261.320545,0
11/20/2015,206.1228523,206.1228523,0
12/1/2015,235.6010725,235.6010725,0
12/2/2015,158.4669574,158.4669574,0
12/2/2015,257.7496032,257.7496032,0
12/9/2015,135.4371214,135.4371214,0
12/9/2015,193.1067494,193.1067494,0
1/15/2016,194.4073435,194.4073435,0
1/18/2016,166.0146644,166.0146644,0
1/20/2016,205.9697311,205.9697311,0
1/25/2016,219.9965278,219.9965278,0
1/25/2016,218.1230477,218.1230477,0
1/25/2016,214.3760874,214.3760874,0
1/25/2016,186.8983787,186.8983787,0
1/25/2016,159.42067,159.42067,0
1/25/2016,216.2495675,216.2495675,0
1/26/2016,208.2615256,208.2615256,0
1/26/2016,191.6659645,191.6659645,0
1/26/2016,175.0704035,175.0704035,0
1/26/2016,158.4748424,158.4748424,0
1/26/2016,141.8792813,141.8792813,0
1/26/2016,124.326284,124.326284,0
2/1/2016,74.2341811,74.2341811,0
2/1/2016,100.1042564,100.1042564,0
2/2/2016,85.24942887,85.24942887,0
2/2/2016,81.67594935,81.67594935,0
2/2/2016,66.3162567,66.3162567,0
2/2/2016,72.71090425,72.71090425,0
2/15/2016,140.2819148,140.2819148,0
2/16/2016,145.1964112,145.1964112,0
2/17/2016,84.07515991,84.07515991,0
2/17/2016,78.74466951,78.74466951,0
2/17/2016,76.74573561,76.74573561,0
2/17/2016,74.74680171,74.74680171,0
2/17/2016,135.3811301,135.3811301,0
2/28/2016,141.8019854,141.8019854,0
3/6/2016,132.3346097,132.3346097,0
3/6/2016,93.16166256,93.16166256,0
3/13/2016,123.740304,123.740304,0
3/13/2016,63.72075476,63.72075476,0
3/20/2016,149.7608897,149.7608897,0
3/20/2016,171.8734337,171.8734337,0
3/20/2016,193.9859777,193.9859777,0
3/20/2016,196.1972321,196.1972321,0
3/20/2016,198.4084865,198.4084865,0
3/21/2016,139.4417025,139.4417025,0
3/21/2016,154.1833985,154.1833985,0
3/28/2016,158.4959307,158.4959307,0
3/28/2016,94.27435457,94.27435457,0
4/1/2016,141.435663,141.435663,0
4/1/2016,171.0278092,171.0278092,0
4/4/2016,161.8848405,161.8848405,0
4/4/2016,225.888192,225.888192,0
4/4/2016,252.0713812,252.0713812,0
4/10/2016,281.9016421,281.9016421,0
4/10/2016,308.1020709,308.1020709,0
4/10/2016,353.0170917,353.0170917,0
4/15/2016,145.0794368,145.0794368,0
4/15/2016,167.6680973,167.6680973,0
4/15/2016,200.7981327,200.7981327,0
4/15/2016,216.610195,216.610195,0
4/15/2016,232.4222574,232.4222574,0
4/15/2016,248.2343197,248.2343197,0
4/15/2016,264.046382,264.046382,0
4/15/2016,289.2703863,289.2703863,0
4/15/2016,314.4190949,314.4190949,0
4/15/2016,333.2429787,333.2429787,0
4/20/2016,141.649013,141.649013,0
4/20/2016,156.9889537,156.9889537,0
4/20/2016,172.3288945,172.3288945,0
4/20/2016,225.2516901,225.2516901,0
4/20/2016,228.3196782,228.3196782,0
4/25/2016,237.9392916,237.9392916,0
4/25/2016,224.4191601,224.4191601,0
4/25/2016,189.1165946,189.1165946,0
4/25/2016,193.5481933,193.5481933,0
4/25/2016,162.8274501,162.8274501,0
4/25/2016,155.3162659,155.3162659,0
4/25/2016,170.3386342,170.3386342,0
4/26/2016,250.6654393,250.6654393,0
4/26/2016,285.9509838,285.9509838,0
4/26/2016,316.6340659,316.6340659,0
4/26/2016,336.5780693,336.5780693,0
4/26/2016,351.9196103,351.9196103,0
4/26/2016,374.9319219,374.9319219,0
4/28/2016,397.0417768,397.0417768,0
4/28/2016,393.1778489,393.1778489,0
4/29/2016,292.4635987,292.4635987,0
5/1/2016,306.0040462,306.0040462,0
5/3/2016,321.0344527,321.0344527,0
5/5/2016,331.8929391,331.8929391,0
5/5/2016,339.4846162,339.4846162,0
5/5/2016,347.0762933,347.0762933,0
5/7/2016,251.8646584,251.8646584,0
5/7/2016,266.9508913,266.9508913,0
5/7/2016,244.3215419,244.3215419,0
5/7/2016,297.1233571,297.1233571,0
5/7/2016,312.20959,312.20959,0
5/7/2016,318.9983948,318.9983948,0
5/7/2016,282.0371242,282.0371242,0
5/15/2016,269.6042927,269.6042927,0
5/15/2016,323.5405616,323.5405616,0
5/15/2016,338.9509242,338.9509242,0
5/20/2016,353.3068896,353.3068896,0
5/20/2016,356.3016503,356.3016503,0
5/22/2016,371.0382187,371.0382187,0
5/22/2016,374.7792775,374.7792775,0
5/27/2016,400.7302229,400.7302229,0
5/27/2016,403.7551727,403.7551727,0
6/1/2016,405.2815511,405.2815511,0
6/2/2016,298.8562384,298.8562384,0
6/2/2016,328.7194649,328.7194649,0
6/20/2016,396.9136715,396.9136715,0
6/20/2016,451.3599913,451.3599913,0
6/28/2016,391.163894,391.163894,0
6/28/2016,329.5202722,329.5202722,0
7/1/2016,362.2813617,362.2813617,0
7/3/2016,356.8797308,356.8797308,0
7/3/2016,342.8016349,342.8016349,0
7/3/2016,336.5447034,336.5447034,0
7/4/2016,360.0081966,360.0081966,0
7/10/2016,275.9504831,275.9504831,0
7/15/2016,277.6819892,277.6819892,0
7/28/2016,294.8029992,294.8029992,0
8/5/2016,322.4984436,322.4984436,0
8/10/2016,330.430091,330.430091,0
8/15/2016,337.8204297,337.8204297,0
8/15/2016,340.9433364,340.9433364,0
8/20/2016,295.2421804,295.2421804,0
8/25/2016,311.2897615,311.2897615,0
9/1/2016,320.627085,320.627085,0
9/3/2016,332.4666304,332.4666304,0
9/3/2016,363.200777,363.200777,0
9/10/2016,424.7443174,424.7443174,0
9/10/2016,384.4915299,384.4915299,0
9/10/2016,399.9733712,399.9733712,0
9/10/2016,381.3951616,381.3951616,0
9/17/2016,432.049789,432.049789,0
9/17/2016,447.5160424,447.5160424,0
9/17/2016,501.6479293,501.6479293,0
9/25/2016,304.0214997,304.0214997,0
9/25/2016,272.7355208,272.7355208,0
9/25/2016,350.950468,350.950468,0
9/27/2016,312.1867953,312.1867953,0
9/27/2016,340.3752192,340.3752192,0
9/27/2016,363.8655725,363.8655725,0
9/27/2016,665.3251065,665.3251065,0
9/27/2016,680.985342,680.985342,0
9/27/2016,316.8848659,316.8848659,0
9/29/2016,693.2248309,693.2248309,0
10/7/2016,637.166406,637.166406,0
10/7/2016,622.6981389,622.6981389,0
10/7/2016,574.470582,574.470582,0
10/14/2016,550.0080989,550.0080989,0
10/14/2016,629.4087195,629.4087195,0
10/20/2016,442.259066,442.259066,0
10/21/2016,364.4726169,364.4726169,0
10/21/2016,402.9478436,402.9478436,0
10/28/2016,319.5732463,319.5732463,0
10/28/2016,376.7107525,376.7107525,0
11/5/2016,294.3995726,294.3995726,0
11/5/2016,368.2548163,368.2548163,0
11/6/2016,372.9689808,372.9689808,0
11/12/2016,289.8267552,289.8267552,0
11/12/2016,324.6635223,324.6635223,0
11/15/2016,354.2706481,354.2706481,0
11/16/2016,374.1152679,374.1152679,0
11/17/2016,386.1727481,386.1727481,0
11/19/2016,313.466136,313.466136,0
11/19/2016,356.4924336,356.4924336,0
11/26/2016,274.297753,274.297753,0
11/26/2016,339.0742817,339.0742817,0
12/2/2016,284.665477,284.665477,0
12/2/2016,447.4656398,447.4656398,0
12/2/2016,413.0271438,413.0271438,0
12/2/2016,400.5040544,400.5040544,0
12/2/2016,265.8808428,265.8808428,0
12/2/2016,389.5463511,389.5463511,0
12/2/2016,394.2425096,394.2425096,0
12/2/2016,347.2809242,347.2809242,0
12/4/2016,417.1739727,417.1739727,0
12/5/2016,367.0309868,367.0309868,0
12/7/2016,349.3055973,349.3055973,0
12/9/2016,273.2772953,273.2772953,0
12/9/2016,343.684843,343.684843,0
12/10/2016,304.6317259,304.6317259,0
12/16/2016,355.8441475,355.8441475,0
12/17/2016,346.2908481,346.2908481,0
12/23/2016,351.2490091,351.2490091,0
12/23/2016,228.4117635,228.4117635,0
2/26/2017,304.6915893,304.6915893,0
3/5/2017,218.1308373,218.1308373,0
3/5/2017,283.4188951,283.4188951,0
3/5/2017,345.2707393,345.2707393,0
3/5/2017,352.1431664,352.1431664,0
3/12/2017,306.0919024,306.0919024,0
3/12/2017,374.1274442,374.1274442,0
3/13/2017,182.777483,182.777483,0
3/14/2017,164.7321708,164.7321708,0
3/19/2017,104.644608,104.644608,0
3/19/2017,170.265643,170.265643,0
3/20/2017,135.3608372,135.3608372,0
3/20/2017,112.6727133,112.6727133,0
3/20/2017,89.98458953,89.98458953,0
3/20/2017,63.45693707,63.45693707,0
3/20/2017,98.36174294,98.36174294,0
4/3/2017,94.87723553,94.87723553,0
4/3/2017,14.63901717,14.63901717,0
4/3/2017,37.17704117,37.17704117,0
4/10/2017,45.20985417,45.20985417,0
4/10/2017,50.45664576,50.45664576,0
4/10/2017,74.94167317,74.94167317,0
4/15/2017,-148.640989,-148.640989,0
4/15/2017,-202.2826307,-202.2826307,0
4/15/2017,-273.8048195,-273.8048195,0
4/15/2017,48.00926928,48.00926928,0
4/15/2017,-229.1034515,-229.1034515,0
4/18/2017,-130.030156,-130.030156,0
4/20/2017,-146.1198101,-146.1198101,0
4/20/2017,-53.6051367,-53.6051367,0
4/25/2017,-35.84567662,-35.84567662,0
4/25/2017,-33.17461278,-33.17461278,0
4/25/2017,-30.50354895,-30.50354895,0
4/25/2017,20.54938441,20.54938441,0
4/26/2017,-0.804850097,-0.804850097,0
4/27/2017,64.13845762,64.13845762,0
4/27/2017,267.7526088,267.7526088,0
4/27/2017,151.903178,151.903178,0
4/28/2017,188.8949976,188.8949976,0
4/28/2017,191.5297614,191.5297614,0
4/28/2017,194.1645252,194.1645252,0
4/28/2017,196.799289,196.799289,0
4/28/2017,199.4340527,199.4340527,0
4/28/2017,202.0688165,202.0688165,0
4/28/2017,204.7035803,204.7035803,0
4/28/2017,207.3383441,207.3383441,0
4/28/2017,209.9731078,209.9731078,0
4/28/2017,212.6078716,212.6078716,0
4/28/2017,215.2426354,215.2426354,0
4/28/2017,217.8773992,217.8773992,0
4/28/2017,220.5121629,220.5121629,0
4/28/2017,223.1469267,223.1469267,0
4/28/2017,265.3031471,265.3031471,0
4/28/2017,228.4164543,228.4164543,0
4/28/2017,225.7816905,225.7816905,0
4/28/2017,260.0336196,260.0336196,0
4/28/2017,257.3988558,257.3988558,0
4/28/2017,254.764092,254.764092,0
4/28/2017,252.1293283,252.1293283,0
4/28/2017,249.4945645,249.4945645,0
4/28/2017,262.6683834,262.6683834,0
4/28/2017,244.2250369,244.2250369,0
4/28/2017,241.5902732,241.5902732,0
4/28/2017,238.9555094,238.9555094,0
4/28/2017,236.3207456,236.3207456,0
4/28/2017,233.6859818,233.6859818,0
4/28/2017,246.8598007,246.8598007,0
4/28/2017,231.0512181,231.0512181,0
5/1/2017,199.1451178,199.1451178,0
5/1/2017,192.1292602,192.1292602,0
5/1/2017,195.637189,195.637189,0
6/1/2017,203.0912279,203.0912279,0
6/6/2017,152.0112213,152.0112213,0
7/1/2017,161.8311855,161.8311855,0
7/5/2017,218.2358794,218.2358794,0
7/5/2017,221.5692516,221.5692516,0
7/5/2017,246.5695433,246.5695433,0
7/5/2017,184.9021572,184.9021572,0
7/10/2017,316.202121,316.202121,0
7/10/2017,332.805887,332.805887,0
7/11/2017,273.8882348,273.8882348,0
7/15/2017,160.9299975,160.9299975,0
7/16/2017,85.1149861,85.1149861,0
7/16/2017,101.9627664,101.9627664,0
8/1/2017,-23.99404789,-23.99404789,0
8/1/2017,-32.27928541,-32.27928541,0
8/5/2017,25.84995037,25.84995037,0
8/5/2017,50.83379415,50.83379415,0
8/5/2017,54.16497332,54.16497332,0
8/5/2017,0.866106584,0.866106584,0
8/7/2017,52.24954529,52.24954529,0
8/10/2017,106.2428265,106.2428265,0
8/10/2017,89.60859657,89.60859657,0
8/10/2017,56.34013673,56.34013673,0
9/1/2017,284.9125198,284.9125198,0
9/10/2017,199.030628,199.030628,0
9/10/2017,207.7700075,207.7700075,0
9/10/2017,251.4669048,251.4669048,0
9/10/2017,295.1638022,295.1638022,0
9/10/2017,434.9938737,434.9938737,0
9/12/2017,422.6106305,422.6106305,0
9/12/2017,457.2693118,457.2693118,0
9/12/2017,491.9279931,491.9279931,0
9/12/2017,500.5926635,500.5926635,0
9/17/2017,531.4358765,531.4358765,0
9/18/2017,548.6416873,548.6416873,0
9/20/2017,454.1331851,454.1331851,0
9/24/2017,571.2424658,571.2424658,0
9/25/2017,421.8617012,421.8617012,0
9/25/2017,647.6698338,647.6698338,0
9/25/2017,484.3931841,484.3931841,0
10/1/2017,389.3849635,389.3849635,0
10/5/2017,373.4512477,373.4512477,0
10/5/2017,390.7847936,390.7847936,0
10/5/2017,231.3161708,231.3161708,0
10/8/2017,394.9646083,394.9646083,0
10/10/2017,414.7062476,414.7062476,0
10/15/2017,367.1384484,367.1384484,0
10/15/2017,384.5838487,384.5838487,0
10/20/2017,493.0036786,493.0036786,0
10/20/2017,466.9142266,466.9142266,0
10/20/2017,400.8209481,400.8209481,0
10/20/2017,435.6068841,435.6068841,0
10/22/2017,275.3353722,275.3353722,0
10/22/2017,588.1177452,588.1177452,0
10/22/2017,257.9585737,257.9585737,0
11/9/2017,545.5443975,545.5443975,0
11/9/2017,562.4108188,562.4108188,0
11/9/2017,570.8440295,570.8440295,0
11/12/2017,629.1008633,629.1008633,0
11/14/2017,520.4191246,520.4191246,0
11/19/2017,561.8659104,561.8659104,0
11/23/2017,504.6573224,504.6573224,0
11/24/2017,979.81608,979.81608,0
11/24/2017,705.7176924,705.7176924,0
11/26/2017,1012.134673,1012.134673,0
11/26/2017,1016.409252,1016.409252,0
11/26/2017,1050.605879,1050.605879,0
11/26/2017,1067.704192,1067.704192,0
11/27/2017,1029.232987,1029.232987,0
11/27/2017,789.8565964,789.8565964,0
11/27/2017,706.9468738,706.9468738,0
11/27/2017,732.5943442,732.5943442,0
11/27/2017,736.0140069,736.0140069,0
11/29/2017,632.0289895,632.0289895,0
11/29/2017,698.5655402,698.5655402,0
12/3/2017,730.3704233,730.3704233,0
12/4/2017,774.5878848,774.5878848,0
12/9/2017,805.8876273,805.8876273,0
12/9/2017,839.7869091,839.7869091,0
12/13/2017,638.0183899,638.0183899,0
12/13/2017,679.5407632,679.5407632,0
12/13/2017,700.2507719,700.2507719,0
12/13/2017,658.8307545,658.8307545,0
12/13/2017,741.6707893,741.6707893,0
12/13/2017,824.5108241,824.5108241,0
12/13/2017,803.8008154,803.8008154,0
12/13/2017,720.9607806,720.9607806,0
12/13/2017,783.0908067,783.0908067,0
12/13/2017,762.380798,762.380798,0
12/15/2017,559.5152455,559.5152455,0
12/17/2017,586.3952884,586.3952884,0
12/18/2017,829.3061273,829.3061273,0
12/18/2017,822.4875775,822.4875775,0
12/18/2017,819.0783025,819.0783025,0
12/18/2017,815.6690276,815.6690276,0
12/18/2017,812.2597527,812.2597527,0
12/18/2017,808.8504777,808.8504777,0
12/18/2017,805.4412028,805.4412028,0
12/18/2017,802.0319279,802.0319279,0
12/18/2017,798.6226529,798.6226529,0
12/18/2017,825.8968524,825.8968524,0
12/18/2017,765.8083817,765.8083817,0
12/18/2017,736.4033854,736.4033854,0
12/18/2017,706.9983891,706.9983891,0
12/18/2017,677.5933928,677.5933928,0
12/18/2017,648.1883965,648.1883965,0
12/18/2017,618.7834002,618.7834002,0
12/18/2017,589.3784039,589.3784039,0
12/18/2017,559.9734077,559.9734077,0
12/18/2017,530.5684114,530.5684114,0
12/18/2017,501.1634151,501.1634151,0
12/18/2017,795.213378,795.213378,0
12/24/2017,735.7583745,735.7583745,0
12/24/2017,761.6349879,761.6349879,0
12/24/2017,791.8243702,791.8243702,0
1/12/2018,730.8896198,730.8896198,0
1/14/2018,743.7623369,743.7623369,0
1/14/2018,853.8178617,853.8178617,0
1/16/2018,868.5546084,868.5546084,0
1/19/2018,759.9078942,759.9078942,0
1/21/2018,741.5653577,741.5653577,0
1/21/2018,838.9068725,838.9068725,0
1/22/2018,874.3037869,874.3037869,0
1/24/2018,950.5500374,950.5500374,0
1/25/2018,963.8011315,963.8011315,0
1/26/2018,851.4465704,851.4465704,0
1/27/2018,722.6844799,722.6844799,0
1/28/2018,747.5434055,747.5434055,0
1/30/2018,764.4242963,764.4242963,0
2/4/2018,674.7473194,674.7473194,0
2/5/2018,679.1174445,679.1174445,0
2/9/2018,562.6319873,562.6319873,0
2/12/2018,581.0193431,581.0193431,0
2/12/2018,615.6038278,615.6038278,0
2/12/2018,632.8960702,632.8960702,0
2/13/2018,669.7993378,669.7993378,0
2/17/2018,577.2874573,577.2874573,0
2/18/2018,630.4120699,630.4120699,0
2/25/2018,578.3527841,578.3527841,0
2/25/2018,398.8627512,398.8627512,0
2/25/2018,291.1687314,291.1687314,0
2/25/2018,371.9392462,371.9392462,0
2/25/2018,551.4292791,551.4292791,0
3/2/2018,545.1933842,545.1933842,0
3/4/2018,611.0160854,611.0160854,0
3/4/2018,557.8410954,557.8410954,0
3/4/2018,469.216112,469.216112,0
3/4/2018,540.1160987,540.1160987,0
3/10/2018,500.5053923,500.5053923,0
3/10/2018,605.9785714,605.9785714,0
3/11/2018,553.2419818,553.2419818,0
3/11/2018,570.820845,570.820845,0
3/11/2018,579.6102766,579.6102766,0
3/11/2018,632.3468661,632.3468661,0
3/11/2018,641.1362977,641.1362977,0
3/11/2018,500.5053923,500.5053923,0
3/13/2018,615.3026103,615.3026103,0
3/13/2018,597.768625,597.768625,0
3/13/2018,361.0598242,361.0598242,0
3/18/2018,321.4823601,321.4823601,0
3/18/2018,252.31662,252.31662,0
3/25/2018,333.9648088,333.9648088,0
3/25/2018,220.2642401,220.2642401,0
3/31/2018,340.7535468,340.7535468,0
4/1/2018,249.4430057,249.4430057,0
4/1/2018,392.0613746,392.0613746,0
4/7/2018,285.1075336,285.1075336,0
4/7/2018,342.814934,342.814934,0
4/7/2018,412.8882059,412.8882059,0
4/17/2018,499.8805436,499.8805436,0
4/25/2018,588.7101295,588.7101295,0
4/26/2018,641.8455151,641.8455151,0
4/26/2018,609.9581159,609.9581159,0
4/26/2018,645.034255,645.034255,0
5/1/2018,600.7582704,600.7582704,0
5/2/2018,632.0013872,632.0013872,0
5/8/2018,549.5639022,549.5639022,0
5/15/2018,605.4611353,605.4611353,0
5/15/2018,637.5495967,637.5495967,0
5/27/2018,702.0486652,702.0486652,0
5/27/2018,766.2550502,766.2550502,0
5/27/2018,814.409839,814.409839,0
5/27/2018,862.5646277,862.5646277,0
5/27/2018,910.7194165,910.7194165,0
5/27/2018,958.8742052,958.8742052,0
5/27/2018,999.0031959,999.0031959,0
5/27/2018,669.9454727,669.9454727,0
5/29/2018,1052.833499,1052.833499,0
5/29/2018,1046.465907,1046.465907,0
5/29/2018,1049.649703,1049.649703,0
5/29/2018,1006.66846,1006.66846,0
6/2/2018,1059.237166,1059.237166,0
6/6/2018,1152.985848,1152.985848,0
6/6/2018,1120.615426,1120.615426,0
6/12/2018,1077.883494,1077.883494,0
6/12/2018,1046.973917,1046.973917,0
6/12/2018,1016.064341,1016.064341,0
6/12/2018,954.2451872,954.2451872,0
6/12/2018,923.3356105,923.3356105,0
6/12/2018,892.4260338,892.4260338,0
6/12/2018,861.5164571,861.5164571,0
6/12/2018,830.126918,830.126918,0
6/12/2018,1108.793071,1108.793071,0
6/12/2018,985.1547639,985.1547639,0
6/21/2018,838.0175901,838.0175901,0
6/25/2018,733.5961454,733.5961454,0
6/26/2018,1012.442825,762.4428251,250
6/26/2018,1018.788979,768.7889793,250
6/26/2018,1015.615902,765.6159022,250
7/27/2018,899.044058,899.044058,250
8/3/2018,806.0923066,806.0923066,250
8/6/2018,542.549553,542.549553,250
8/6/2018,605.3046919,605.3046919,250
9/7/2018,265.8274025,265.8274025,250
9/18/2018,465.1093746,465.1093746,250
9/19/2018,453.9576873,453.9576873,250
9/21/2018,426.5980865,426.5980865,250
10/29/2018,399.879119,399.879119,250
10/29/2018,422.6581969,422.6581969,250
11/2/2018,341.1070042,341.1070042,250
11/4/2018,422.7511715,422.7511715,250
1/14/2019,474.0877452,474.0877452,250
2/3/2019,488.6657478,488.6657478,250
2/3/2019,567.1852511,567.1852511,250
2/3/2019,402.5229917,402.5229917,250
2/18/2019,516.0506681,516.0506681,250
2/21/2019,499.6042633,499.6042633,250
2/23/2019,431.4985877,431.4985877,250
2/24/2019,491.0451179,491.0451179,250
3/10/2019,405.6227274,405.6227274,250
3/11/2019,473.8302784,473.8302784,250
3/15/2019,513.2276357,513.2276357,250
3/15/2019,544.0882614,544.0882614,250
3/15/2019,621.2398256,621.2398256,250
3/15/2019,624.3258882,624.3258882,250
3/15/2019,627.4119508,627.4119508,250
3/15/2019,630.4980133,630.4980133,250
3/17/2019,550.9352118,550.9352118,250
3/18/2019,481.0215474,481.0215474,250
3/18/2019,543.1670269,543.1670269,250
3/24/2019,461.3089433,461.3089433,250
3/25/2019,531.5328952,531.5328952,250
3/28/2019,539.913333,539.913333,250
3/28/2019,542.9931843,542.9931843,250
3/28/2019,573.7916973,573.7916973,250
3/28/2019,619.9894669,619.9894669,250
4/1/2019,534.8551054,534.8551054,250
4/1/2019,452.0055724,452.0055724,250
4/1/2019,538.6907319,538.6907319,250
4/1/2019,544.8277343,544.8277343,250
4/6/2019,626.4141754,626.4141754,250
4/13/2019,635.4894425,635.4894425,250
4/13/2019,637.045451,637.045451,250
4/13/2019,638.6014595,638.6014595,250
4/13/2019,633.933434,633.933434,250
4/14/2019,669.7216301,669.7216301,250
4/14/2019,735.8519925,735.8519925,250
4/15/2019,665.8316088,665.8316088,250
4/20/2019,666.1045663,666.1045663,250
4/20/2019,717.038379,717.038379,250
4/25/2019,551.4217441,551.4217441,250
4/28/2019,549.5030462,549.5030462,250
4/28/2019,588.2790882,588.2790882,250
5/3/2019,490.5358899,490.5358899,250
5/5/2019,486.2657075,486.2657075,250
5/5/2019,516.929455,516.929455,250
5/5/2019,593.5888237,593.5888237,250
5/14/2019,515.2975595,515.2975595,250
5/16/2019,520.9721223,520.9721223,250
5/19/2019,609.2991108,609.2991108,250
6/2/2019,569.535309,569.535309,250
6/2/2019,642.2269663,642.2269663,250
6/6/2019,591.0117539,591.0117539,250
6/9/2019,644.7380202,644.7380202,250
6/14/2019,628.4369831,628.4369831,0
6/16/2019,543.6323835,543.6323835,0
6/16/2019,458.1213697,458.1213697,0
6/16/2019,473.6688267,473.6688267,0
6/16/2019,582.5010261,582.5010261,0
6/16/2019,512.5374694,512.5374694,0
6/16/2019,528.0849264,528.0849264,0
6/16/2019,598.0484832,598.0484832,0
6/16/2019,496.9900123,496.9900123,0
6/17/2019,529.6396721,529.6396721,0
6/21/2019,563.6807164,563.6807164,0
6/23/2019,617.8416209,617.8416209,0
7/2/2019,650.2345564,650.2345564,0
7/5/2019,578.492194,578.492194,0
7/5/2019,562.822118,562.822118,0
7/7/2019,501.1910688,501.1910688,0
7/7/2019,560.8622804,560.8622804,0
7/9/2019,554.3227535,554.3227535,0
7/10/2019,477.5902051,477.5902051,0
7/14/2019,567.6733245,567.6733245,0
7/14/2019,572.460854,572.460854,0
7/31/2019,481.2630838,481.2630838,0
8/4/2019,542.1592045,542.1592045,0
9/2/2019,217.4039969,217.4039969,0
9/9/2019,587.8134232,587.8134232,0
9/18/2019,518.554307,518.554307,0
9/22/2019,514.4494094,514.4494094,0
9/22/2019,566.1355524,566.1355524,0
9/26/2019,481.1531729,481.1531729,0
9/29/2019,548.8390595,548.8390595,0
10/9/2019,467.6565546,467.6565546,0
10/13/2019,555.1909169,555.1909169,0
10/16/2019,639.0094464,639.0094464,0
10/17/2019,556.7270141,556.7270141,0
10/20/2019,637.9335511,637.9335511,0
10/23/2019,518.4465685,518.4465685,0
10/23/2019,436.3297374,436.3297374,0
10/27/2019,545.0181955,545.0181955,0
10/31/2019,471.6151486,471.6151486,0
11/2/2019,471.5991596,471.5991596,0
11/2/2019,542.4713283,542.4713283,0
11/8/2019,457.5532172,457.5532172,0
11/9/2019,582.1805239,582.1805239,0
11/15/2019,512.7441078,512.7441078,0
11/16/2019,598.3912966,598.3912966,0
11/22/2019,527.6039228,527.6039228,0
11/23/2019,601.2690399,601.2690399,0
11/30/2019,887.3264895,887.3264895,0
11/30/2019,793.8318468,793.8318468,0
12/6/2019,822.6083983,822.6083983,0
12/7/2019,911.2884074,911.2884074,0
12/14/2019,839.8726515,839.8726515,0
12/14/2019,947.9715836,947.9715836,0
12/21/2019,945.3330764,945.3330764,0
12/21/2019,873.0648166,873.0648166,0
12/21/2019,866.6409713,866.6409713,0
12/21/2019,898.7601979,898.7601979,0
12/21/2019,901.9721205,901.9721205,0
12/21/2019,908.3959658,908.3959658,0
12/21/2019,976.6493223,976.6493223,0
12/28/2019,976.5060989,976.5060989,0
12/28/2019,903.9094122,903.9094122,0
12/28/2019,972.4729497,972.4729497,0
12/29/2019,1007.964663,1007.964663,0
12/29/2019,1004.738144,1004.738144,0
1/2/2020,885.4574327,885.4574327,0
1/2/2020,1030.403175,1030.403175,0
1/3/2020,1062.61334,1062.61334,0
1/3/2020,1065.834356,1065.834356,0
1/8/2020,1076.518891,1076.518891,0
1/8/2020,1003.041946,1003.041946,0
1/8/2020,1068.354786,1068.354786,0
1/12/2020,1111.914442,1111.914442,0
1/18/2020,1021.520486,1021.520486,0
1/18/2020,1147.423536,1147.423536,0
1/23/2020,1056.185584,1056.185584,0
1/25/2020,1243.480042,1243.480042,0
1/25/2020,1124.394051,1124.394051,0
1/25/2020,1126.251792,1126.251792,0
2/5/2020,1212.160725,1212.160725,0
2/9/2020,1071.675825,1071.675825,0
2/9/2020,1180.823661,1180.823661,0
2/15/2020,1075.089223,1075.089223,0
2/15/2020,1193.265526,1193.265526,0
2/19/2020,939.579368,939.579368,0
2/23/2020,798.9585851,798.9585851,0
2/23/2020,921.3340146,921.3340146,0
2/28/2020,788.4199603,788.4199603,0
2/28/2020,833.2760173,833.2760173,0
2/28/2020,852.7136419,852.7136419,0
2/29/2020,975.1339341,975.1339341,0
3/7/2020,932.1230072,932.1230072,0
3/7/2020,844.5569649,844.5569649,0
3/14/2020,820.7919678,820.7919678,0
3/14/2020,904.5052478,904.5052478,0
3/22/2020,707.0920275,707.0920275,0
3/22/2020,773.0521047,773.0521047,0
3/25/2020,812.3801985,812.3801985,0
6/14/2020,909.2699731,909.2699731,0
6/18/2020,909.3888463,909.3888463,0
6/18/2020,913.6822642,913.6822642,0
6/18/2020,962.3410004,962.3410004,0
6/18/2020,1010.999737,1010.999737,0
6/18/2020,1059.658473,1059.658473,0
6/24/2020,1107.575817,1107.575817,0
6/24/2020,1104.678035,1104.678035,0
6/24/2020,1101.780252,1101.780252,0
6/25/2020,998.908985,998.908985,0
6/27/2020,1077.787937,1077.787937,0
7/1/2020,1090.234886,1090.234886,0
7/1/2020,1093.068763,1093.068763,0
7/1/2020,1121.40753,1121.40753,0
7/1/2020,1135.576914,1135.576914,0
7/1/2020,1137.844015,1137.844015,0
7/4/2020,1013.579738,1013.579738,0
7/4/2020,1114.515869,1114.515869,0
7/11/2020,888.1805069,888.1805069,0
7/11/2020,796.6198627,796.6198627,0
7/11/2020,1021.99991,1021.99991,0
7/16/2020,866.7588557,866.7588557,0
7/17/2020,322.0950857,322.0950857,0
7/17/2020,349.9182694,349.9182694,0
7/17/2020,377.7414531,377.7414531,0
7/17/2020,405.5646367,405.5646367,0
7/17/2020,433.3878204,433.3878204,0
7/17/2020,558.5921469,558.5921469,0
7/17/2020,489.0341877,489.0341877,0
7/17/2020,516.8573714,516.8573714,0
7/17/2020,544.6805551,544.6805551,0
7/17/2020,551.636351,551.636351,0
7/17/2020,461.2110041,461.2110041,0
7/17/2020,368.0033388,368.0033388,0
7/17/2020,294.2719021,294.2719021,0
7/17/2020,426.4320245,426.4320245,0
7/17/2020,397.2176816,397.2176816,0
7/17/2020,813.1742775,813.1742775,0
7/17/2020,763.0925469,763.0925469,0
7/17/2020,710.2284979,710.2284979,0
7/17/2020,685.1876326,685.1876326,0
7/17/2020,660.1467673,660.1467673,0
7/17/2020,630.9324244,630.9324244,0
7/17/2020,331.1376204,331.1376204,0
7/17/2020,572.5037387,572.5037387,0
7/17/2020,543.2893959,543.2893959,0
7/17/2020,514.075053,514.075053,0
7/17/2020,484.8607102,484.8607102,0
7/17/2020,455.6463673,455.6463673,0
7/17/2020,601.7180816,601.7180816,0
7/23/2020,491.9358789,491.9358789,0
7/23/2020,519.9241518,519.9241518,0
7/26/2020,521.9450849,521.9450849,0
7/26/2020,524.7397471,524.7397471,0
7/26/2020,527.5344093,527.5344093,0
7/26/2020,533.1237337,533.1237337,0
7/26/2020,535.9183959,535.9183959,0
7/26/2020,530.3290715,530.3290715,0
7/29/2020,555.9719486,555.9719486,0
8/2/2020,490.365165,490.365165,0
8/2/2020,493.1005855,493.1005855,0
8/2/2020,554.6475479,554.6475479,0
8/2/2020,599.0981318,599.0981318,0
8/9/2020,596.2293121,596.2293121,0
8/9/2020,534.9770712,534.9770712,0
8/12/2020,580.6820093,580.6820093,0
8/16/2020,590.9377692,590.9377692,0
8/16/2020,519.7044836,519.7044836,0
8/23/2020,523.2174126,523.2174126,0
8/23/2020,525.8969374,525.8969374,0
8/23/2020,528.5764623,528.5764623,0
8/23/2020,531.2559871,531.2559871,0
8/23/2020,533.9355119,533.9355119,0
8/23/2020,560.73076,560.73076,0
8/23/2020,624.3694743,624.3694743,0
8/23/2020,627.0489991,627.0489991,0
8/23/2020,629.7285239,629.7285239,0
8/24/2020,777.1023887,777.1023887,0
8/24/2020,825.0256899,825.0256899,0
8/30/2020,770.6036575,770.6036575,0
8/30/2020,861.7314552,861.7314552,0
8/31/2020,863.0814966,863.0814966,0
9/4/2020,781.4748166,781.4748166,0
9/9/2020,817.4857235,817.4857235,0
9/12/2020,718.4675527,718.4675527,0
9/12/2020,831.4132564,831.4132564,0
9/13/2020,771.6184721,771.6184721,0
9/13/2020,828.0913239,828.0913239,0
9/18/2020,756.7596113,756.7596113,0
9/20/2020,747.1256818,747.1256818,0
9/20/2020,688.0103623,688.0103623,0
9/20/2020,740.557313,740.557313,0
9/26/2020,637.1764027,637.1764027,0
9/26/2020,705.4818952,705.4818952,0
9/27/2020,759.2408477,759.2408477,0
9/27/2020,629.5869036,629.5869036,0
9/27/2020,695.9950213,695.9950213,0
10/4/2020,672.4622466,672.4622466,0
10/4/2020,698.0686379,698.0686379,0
10/4/2020,790.8918066,790.8918066,0
10/5/2020,829.3013936,829.3013936,0
10/10/2020,748.8894276,748.8894276,0
10/10/2020,852.5903851,852.5903851,0
10/11/2020,755.3707374,755.3707374,0
10/11/2020,748.8894276,748.8894276,0
10/11/2020,852.5903851,852.5903851,0
10/11/2020,859.071695,859.071695,0
10/15/2020,915.2820198,915.2820198,0
10/17/2020,807.3921442,807.3921442,0
10/17/2020,839.5878944,839.5878944,0
10/17/2020,916.8576948,916.8576948,0
10/17/2020,743.0006439,743.0006439,0
10/18/2020,804.0437862,804.0437862,0
10/18/2020,897.4114617,897.4114617,0
10/18/2020,923.1680618,923.1680618,0
10/21/2020,862.6368398,862.6368398,0
10/21/2020,886.0978925,886.0978925,0
10/21/2020,1017.740466,1017.740466,0
10/21/2020,936.9301734,936.9301734,0
10/21/2020,969.5149688,969.5149688,0
10/21/2020,1015.133682,1015.133682,0
10/21/2020,1037.291343,1037.291343,0
10/21/2020,925.199647,925.199647,0
10/24/2020,961.9452252,961.9452252,0
10/24/2020,1053.454474,1053.454474,0
10/25/2020,1056.069024,1056.069024,0
10/25/2020,958.0234002,958.0234002,0
10/25/2020,955.4088503,955.4088503,0
10/30/2020,945.4050703,945.4050703,0
10/30/2020,1103.844418,1103.844418,0
10/30/2020,1038.45675,1038.45675,0
10/30/2020,1000.733096,1000.733096,0
10/30/2020,998.2181861,998.2181861,0
10/30/2020,973.0690833,973.0690833,0
10/30/2020,947.9199806,947.9199806,0
10/30/2020,942.89016,942.89016,0
10/30/2020,940.3752498,940.3752498,0
10/31/2020,1176.876678,1176.876678,0
10/31/2020,1244.546093,1244.546093,0
10/31/2020,1191.776366,1191.776366,0
10/31/2020,1189.293084,1189.293084,0
10/31/2020,1179.359959,1179.359959,0
10/31/2020,1184.326522,1184.326522,0
10/31/2020,1133.419255,1133.419255,0
10/31/2020,1186.809803,1186.809803,0
10/31/2020,1181.84324,1181.84324,0
11/1/2020,1170.047654,1170.047654,0
11/1/2020,1244.546093,1244.546093,0
11/6/2020,1275.372728,1275.372728,0
11/6/2020,1249.538208,1249.538208,0
11/6/2020,1231.454044,1231.454044,0
11/6/2020,1203.036073,1203.036073,0
11/6/2020,1174.618101,1174.618101,0
11/6/2020,1144.908404,1144.908404,0
11/7/2020,1128.136041,1128.136041,0
11/7/2020,1082.923582,1082.923582,0
11/7/2020,1052.781942,1052.781942,0
11/8/2020,1069.163268,1069.163268,0
11/8/2020,1134.688571,1134.688571,0
11/9/2020,1115.03098,1115.03098,0
11/9/2020,1090.131365,1090.131365,0
11/10/2020,1068.094554,1068.094554,0
11/10/2020,1048.504636,1048.504636,0
11/11/2020,1020.360791,1020.360791,0
11/11/2020,998.3154788,998.3154788,0
11/13/2020,973.9245475,973.9245475,0
11/13/2020,957.1291809,957.1291809,0
11/14/2020,1025.130695,1025.130695,0
11/14/2020,893.8450672,893.8450672,0
11/15/2020,966.0521624,966.0521624,0
11/15/2020,926.6664741,926.6664741,0
11/15/2020,995.5914286,995.5914286,0
11/19/2020,999.0625242,999.0625242,0
11/19/2020,1001.034773,1001.034773,0
11/21/2020,920.6897231,920.6897231,0
11/21/2020,996.1733103,996.1733103,0
11/22/2020,937.0991986,937.0991986,0
11/22/2020,999.4552054,999.4552054,0
11/28/2020,1025.924273,1025.924273,0
11/28/2020,1006.291613,1006.291613,0
11/28/2020,999.7473931,999.7473931,0
11/28/2020,953.9378535,953.9378535,0
11/28/2020,859.0466642,859.0466642,0
11/28/2020,917.9446438,917.9446438,0
11/29/2020,1078.278032,1078.278032,0
12/5/2020,1037.144052,1037.144052,0
12/5/2020,1132.190244,1132.190244,0
12/6/2020,1071.089121,1071.089121,0
12/6/2020,1105.034189,1105.034189,0
12/6/2020,1172.924327,1172.924327,0
12/6/2020,1179.713341,1179.713341,0
12/12/2020,1184.838422,1184.838422,0
12/12/2020,1113.765986,1113.765986,0
12/12/2020,1090.075174,1090.075174,0
12/12/2020,1029.155944,1029.155944,0
12/12/2020,1171.300815,1171.300815,0
12/19/2020,1089.781808,1089.781808,0
12/19/2020,1183.35744,1183.35744,0
12/20/2020,1179.935246,1179.935246,0
12/20/2020,1119.779482,1119.779482,0
12/20/2020,1159.883325,1159.883325,0
12/26/2020,1095.028269,1095.028269,0
12/26/2020,1186.545006,1186.545006,0
12/27/2020,1227.219111,1227.219111,0
12/27/2020,1233.998129,1233.998129,0
12/29/2020,1217.215008,1217.215008,0
12/29/2020,1196.95443,1196.95443,0
1/13/2021,1168.807929,1168.807929,0
1/16/2021,1083.673767,1083.673767,0
1/16/2021,1164.729436,1164.729436,0
1/17/2021,1103.937684,1103.937684,0
1/17/2021,1161.352117,1161.352117,0
1/22/2021,1148.454175,1148.454175,0
1/23/2021,1067.966448,1067.966448,0
1/30/2021,1020.773517,1020.773517,0
1/30/2021,978.0864092,978.0864092,0
1/31/2021,981.3700329,981.3700329,0
1/31/2021,1024.05714,1024.05714,0
2/5/2021,1016.532535,1016.532535,0
2/6/2021,940.5626122,940.5626122,0
2/6/2021,1034.770953,1034.770953,0
2/7/2021,974.2084481,974.2084481,0
2/7/2021,1041.50012,1041.50012,0
2/13/2021,1079.300351,1079.300351,0
2/13/2021,973.6029186,973.6029186,0
2/13/2021,1045.204405,1045.204405,0
2/14/2021,1079.300351,1079.300351,0
2/14/2021,1038.385216,1038.385216,0
2/20/2021,987.6104761,987.6104761,0
2/20/2021,1085.511346,1085.511346,0
2/21/2021,1041.365575,1041.365575,0
2/21/2021,1081.735363,1081.735363,0
2/22/2021,1085.772341,1085.772341,0
2/25/2021,1054.18031,1054.18031,0
2/28/2021,819.4122191,819.4122191,0
2/28/2021,738.5212319,738.5212319,0
2/28/2021,1002.765124,1002.765124,0
2/28/2021,1046.581075,1046.581075,0
3/6/2021,969.1604326,969.1604326,0
3/6/2021,1050.342113,1050.342113,0
3/7/2021,1155.201784,1155.201784,0
3/7/2021,1157.90784,1157.90784,0
3/7/2021,1060.489823,1060.489823,0
3/7/2021,989.4558527,989.4558527,0
3/7/2021,1114.610944,1114.610944,0
3/13/2021,1092.86293,1092.86293,0
3/13/2021,1031.064175,1031.064175,0
3/13/2021,1116.89578,1116.89578,0
3/14/2021,1188.994328,1188.994328,0
3/20/2021,1075.495144,1075.495144,0
3/20/2021,1152.24091,1152.24091,0
3/21/2021,1135.557047,1135.557047,0
3/21/2021,1092.179006,1092.179006,0
3/21/2021,1128.883503,1128.883503,0
3/27/2021,1045.122699,1045.122699,0
3/27/2021,1091.379347,1091.379347,0
3/28/2021,1031.906514,1031.906514,0
3/28/2021,1091.379347,1091.379347,0
4/3/2021,786.4968496,786.4968496,0
4/3/2021,1117.70027,1117.70027,0
4/4/2021,1058.790571,1058.790571,0
4/4/2021,1153.700642,1153.700642,0
4/10/2021,1061.512373,1061.512373,0
4/10/2021,1129.368306,1129.368306,0
4/11/2021,1071.206078,1071.206078,0
4/11/2021,1106.749662,1106.749662,0
4/17/2021,1042.833588,1042.833588,0
4/17/2021,1121.410508,1121.410508,0
4/18/2021,851.6297508,851.6297508,0
4/18/2021,854.2489814,854.2489814,0
4/18/2021,856.8682121,856.8682121,0
4/18/2021,859.4874428,859.4874428,0
4/18/2021,908.5980175,908.5980175,0
4/18/2021,919.0749401,919.0749401,0
4/18/2021,913.8364788,913.8364788,0
4/18/2021,916.4557095,916.4557095,0
4/18/2021,849.0105201,849.0105201,0
4/18/2021,920.3845554,920.3845554,0
4/18/2021,921.6941708,921.6941708,0
4/18/2021,911.2172482,911.2172482,0
4/18/2021,846.3912895,846.3912895,0
4/18/2021,843.7720588,843.7720588,0
4/18/2021,841.1528282,841.1528282,0
4/18/2021,1062.477818,1062.477818,0
4/18/2021,1010.093205,1010.093205,0
4/18/2021,977.3528222,977.3528222,0
4/18/2021,911.8720558,911.8720558,0
4/18/2021,896.1566719,896.1566719,0
4/18/2021,944.612439,944.612439,0
4/18/2021,864.7259041,864.7259041,0
4/18/2021,849.0105201,849.0105201,0
4/18/2021,833.2951362,833.2951362,0
4/18/2021,835.9143669,835.9143669,0
4/18/2021,838.5335975,838.5335975,0
4/18/2021,880.441288,880.441288,0
4/19/2021,865.3807117,865.3807117,0
4/25/2021,661.0110286,661.0110286,0
5/6/2021,90,661.0110286,90
5/6/2021,110,661.0110286,110
5/6/2021,40,661.0110286,40
5/7/2021,675.2308745,675.2308745,40
5/8/2021,589.4861145,589.4861145,40
5/8/2021,654.0445884,654.0445884,40
5/8/2021,622.2764394,622.2764394,40
5/9/2021,733.2363163,733.2363163,40
5/9/2021,741.3061255,741.3061255,40
5/9/2021,795.1048537,795.1048537,40
5/9/2021,407.0815266,407.0815266,40
5/9/2021,565.1152907,565.1152907,40
5/15/2021,719.7201171,719.7201171,40
5/15/2021,797.6309681,797.6309681,40
5/16/2021,846.6572586,736.6572586,110
5/16/2021,733.4058248,804.4058248,-71
5/16/2021,719.8561115,790.8561115,-71
5/16/2021,665.6572586,736.6572586,-71
5/16/2021,900.8561115,790.8561115,110
5/16/2021,914.4058248,804.4058248,110
5/22/2021,726.3781135,726.3781135,110
5/22/2021,808.0440996,808.0440996,110
5/23/2021,746.79461,746.79461,110
5/23/2021,794.4331019,794.4331019,110
5/24/2021,811.991289,811.991289,110
5/29/2021,730.6823397,730.6823397,110
5/29/2021,781.7485337,781.7485337,110
5/30/2021,720.4691009,720.4691009,110
5/30/2021,713.8509221,713.8509221,110
5/30/2021,761.5127032,761.5127032,110
5/31/2021,795.5568326,795.5568326,110
6/5/2021,795.4389396,795.4389396,110
6/5/2021,719.9065046,719.9065046,110
6/6/2021,778.2724771,778.2724771,110
6/6/2021,754.2394296,754.2394296,110
6/12/2021,698.8481516,698.8481516,110
6/12/2021,702.7731739,702.7731739,110
6/12/2021,764.7275022,764.7275022,110
6/13/2021,899.9535377,899.9535377,110
6/13/2021,702.3154858,702.3154858,110
6/13/2021,754.3254995,754.3254995,110
6/13/2021,886.0842007,886.0842007,110
6/19/2021,883.4218428,883.4218428,110
6/19/2021,801.3842477,801.3842477,110
6/19/2021,880.0036097,880.0036097,110
6/20/2021,978.4754133,818.4754133,160
6/20/2021,1033.167143,873.1671434,160
6/25/2021,1097.142838,912.1428383,185
6/25/2021,1147.142838,912.1428383,235
6/26/2021,1222.937683,947.9376833,275
7/2/2021,980.9438006,980.9438006,275
7/2/2021,994.5943732,994.5943732,275
7/3/2021,910.0139508,910.0139508,275
7/3/2021,954.2481881,954.2481881,275
7/4/2021,893.0007826,893.0007826,275
7/4/2021,950.8455545,950.8455545,275
7/6/2021,1246.137436,941.1374355,305
7/6/2021,1299.869894,994.8698936,305
7/6/2021,1300.138556,995.1385559,305
7/8/2021,990.7439975,990.7439975,305
7/8/2021,937.2488234,937.2488234,305
7/10/2021,914.6320165,914.6320165,305
7/10/2021,985.1629735,985.1629735,305
7/11/2021,924.7078675,924.7078675,305
7/11/2021,971.7285055,971.7285055,305
7/17/2021,828.2686478,828.2686478,305
7/17/2021,888.5492338,888.5492338,305
7/17/2021,875.153548,875.153548,305
7/18/2021,958.8765842,958.8765842,305
7/18/2021,918.6895269,918.6895269,305
7/21/2021,994.1779633,994.1779633,305
7/21/2021,1011.742706,1011.742706,305
7/21/2021,1014.444974,1014.444974,305
7/24/2021,965.2433104,965.2433104,305
7/24/2021,1071.163287,1071.163287,305
7/25/2021,1081.3479,1081.3479,305
7/25/2021,1010.055608,1010.055608,305
7/29/2021,1091.349289,1091.349289,305
7/31/2021,1519.736967,1010.736967,509
7/31/2021,1588.186329,1079.186329,509
7/31/2021,1400.736967,1010.736967,390
7/31/2021,1414.426839,1024.426839,390
7/31/2021,1469.186329,1079.186329,390
7/31/2021,1485.736967,1010.736967,475
7/31/2021,1499.426839,1024.426839,475
7/31/2021,1554.186329,1079.186329,475
7/31/2021,1533.426839,1024.426839,509
8/1/2021,1082.608797,1082.608797,509
8/1/2021,1017.581903,1017.581903,509
8/5/2021,1136.775362,1136.775362,509
8/7/2021,1125.235948,1125.235948,509
8/7/2021,1043.816094,1043.816094,509
8/7/2021,1046.530089,1046.530089,509
8/7/2021,1049.244085,1049.244085,509
8/7/2021,1110.308975,1110.308975,509
8/7/2021,1151.018902,1151.018902,509
8/7/2021,1178.158853,1178.158853,509
8/7/2021,1184.943841,1184.943841,509
8/10/2021,1407.327766,956.3277663,451
8/10/2021,1263.9194,822.9194004,441
8/10/2021,1429.539948,978.5399481,451
8/10/2021,1308.479039,867.4790391,441
8/10/2021,1493.964312,1022.964312,471
8/10/2021,1516.176494,1045.176494,471
8/10/2021,1538.388675,1067.388675,471
8/10/2021,1560.600857,1089.600857,471
8/10/2021,1582.813039,1111.813039,471
8/10/2021,1605.025221,1134.025221,471
8/10/2021,1627.237403,1156.237403,471
8/10/2021,1295.9194,822.9194004,473
8/10/2021,1318.266857,845.2668573,473
8/10/2021,1340.479039,867.4790391,473
8/10/2021,1362.691221,889.6912209,473
8/10/2021,1384.903403,911.9034027,473
8/10/2021,1407.115585,934.1155845,473
8/10/2021,1471.75213,1000.75213,471
8/10/2021,1429.327766,956.3277663,473
8/10/2021,1473.75213,1000.75213,473
8/10/2021,1495.964312,1022.964312,473
8/10/2021,1518.176494,1045.176494,473
8/10/2021,1540.388675,1067.388675,473
8/10/2021,1562.600857,1089.600857,473
8/10/2021,1584.813039,1111.813039,473
8/10/2021,1607.025221,1134.025221,473
8/10/2021,1629.237403,1156.237403,473
8/10/2021,1297.9194,822.9194004,475
8/10/2021,1320.266857,845.2668573,475
8/10/2021,1342.479039,867.4790391,475
8/10/2021,1364.691221,889.6912209,475
8/10/2021,1386.903403,911.9034027,475
8/10/2021,1451.539948,978.5399481,473
8/10/2021,1409.115585,934.1155845,475
8/10/2021,1449.539948,978.5399481,471
8/10/2021,1405.115585,934.1155845,471
8/10/2021,1489.964312,1022.964312,467
8/10/2021,1512.176494,1045.176494,467
8/10/2021,1534.388675,1067.388675,467
8/10/2021,1556.600857,1089.600857,467
8/10/2021,1578.813039,1111.813039,467
8/10/2021,1601.025221,1134.025221,467
8/10/2021,1623.237403,1156.237403,467
8/10/2021,1291.9194,822.9194004,469
8/10/2021,1314.266857,845.2668573,469
8/10/2021,1336.479039,867.4790391,469
8/10/2021,1358.691221,889.6912209,469
8/10/2021,1380.903403,911.9034027,469
8/10/2021,1403.115585,934.1155845,469
8/10/2021,1427.327766,956.3277663,471
8/10/2021,1425.327766,956.3277663,469
8/10/2021,1469.75213,1000.75213,469
8/10/2021,1491.964312,1022.964312,469
8/10/2021,1514.176494,1045.176494,469
8/10/2021,1536.388675,1067.388675,469
8/10/2021,1558.600857,1089.600857,469
8/10/2021,1580.813039,1111.813039,469
8/10/2021,1603.025221,1134.025221,469
8/10/2021,1625.237403,1156.237403,469
8/10/2021,1293.9194,822.9194004,471
8/10/2021,1316.266857,845.2668573,471
8/10/2021,1338.479039,867.4790391,471
8/10/2021,1360.691221,889.6912209,471
8/10/2021,1382.903403,911.9034027,471
8/10/2021,1447.539948,978.5399481,469
8/10/2021,1467.75213,1000.75213,467
8/10/2021,1431.327766,956.3277663,475
8/10/2021,1475.75213,1000.75213,475
8/10/2021,1501.964312,1022.964312,479
8/10/2021,1524.176494,1045.176494,479
8/10/2021,1546.388675,1067.388675,479
8/10/2021,1568.600857,1089.600857,479
8/10/2021,1590.813039,1111.813039,479
8/10/2021,1613.025221,1134.025221,479
8/10/2021,1635.237403,1156.237403,479
8/10/2021,1303.9194,822.9194004,481
8/10/2021,1326.266857,845.2668573,481
8/10/2021,1348.479039,867.4790391,481
8/10/2021,1370.691221,889.6912209,481
8/10/2021,1392.903403,911.9034027,481
8/10/2021,1415.115585,934.1155845,481
8/10/2021,1479.75213,1000.75213,479
8/10/2021,1437.327766,956.3277663,481
8/10/2021,1481.75213,1000.75213,481
8/10/2021,1503.964312,1022.964312,481
8/10/2021,1526.176494,1045.176494,481
8/10/2021,1548.388675,1067.388675,481
8/10/2021,1570.600857,1089.600857,481
8/10/2021,1592.813039,1111.813039,481
8/10/2021,1615.025221,1134.025221,481
8/10/2021,1637.237403,1156.237403,481
8/10/2021,1305.9194,822.9194004,483
8/10/2021,1328.266857,845.2668573,483
8/10/2021,1350.479039,867.4790391,483
8/10/2021,1372.691221,889.6912209,483
8/10/2021,1394.903403,911.9034027,483
8/10/2021,1459.539948,978.5399481,481
8/10/2021,1453.539948,978.5399481,475
8/10/2021,1457.539948,978.5399481,479
8/10/2021,1413.115585,934.1155845,479
8/10/2021,1497.964312,1022.964312,475
8/10/2021,1520.176494,1045.176494,475
8/10/2021,1542.388675,1067.388675,475
8/10/2021,1564.600857,1089.600857,475
8/10/2021,1586.813039,1111.813039,475
8/10/2021,1609.025221,1134.025221,475
8/10/2021,1286.266857,845.2668573,441
8/10/2021,1299.9194,822.9194004,477
8/10/2021,1322.266857,845.2668573,477
8/10/2021,1344.479039,867.4790391,477
8/10/2021,1366.691221,889.6912209,477
8/10/2021,1388.903403,911.9034027,477
8/10/2021,1411.115585,934.1155845,477
8/10/2021,1435.327766,956.3277663,479
8/10/2021,1433.327766,956.3277663,477
8/10/2021,1477.75213,1000.75213,477
8/10/2021,1499.964312,1022.964312,477
8/10/2021,1522.176494,1045.176494,477
8/10/2021,1544.388675,1067.388675,477
8/10/2021,1566.600857,1089.600857,477
8/10/2021,1588.813039,1111.813039,477
8/10/2021,1611.025221,1134.025221,477
8/10/2021,1633.237403,1156.237403,477
8/10/2021,1301.9194,822.9194004,479
8/10/2021,1324.266857,845.2668573,479
8/10/2021,1346.479039,867.4790391,479
8/10/2021,1368.691221,889.6912209,479
8/10/2021,1390.903403,911.9034027,479
8/10/2021,1455.539948,978.5399481,477
8/10/2021,1445.539948,978.5399481,467
8/10/2021,1423.327766,956.3277663,467
8/10/2021,1401.115585,934.1155845,467
8/10/2021,1455.75213,1000.75213,455
8/10/2021,1477.964312,1022.964312,455
8/10/2021,1500.176494,1045.176494,455
8/10/2021,1522.388675,1067.388675,455
8/10/2021,1544.600857,1089.600857,455
8/10/2021,1566.813039,1111.813039,455
8/10/2021,1589.025221,1134.025221,455
8/10/2021,1611.237403,1156.237403,455
8/10/2021,1279.9194,822.9194004,457
8/10/2021,1302.266857,845.2668573,457
8/10/2021,1324.479039,867.4790391,457
8/10/2021,1346.691221,889.6912209,457
8/10/2021,1368.903403,911.9034027,457
8/10/2021,1433.539948,978.5399481,455
8/10/2021,1391.115585,934.1155845,457
8/10/2021,1435.539948,978.5399481,457
8/10/2021,1457.75213,1000.75213,457
8/10/2021,1479.964312,1022.964312,457
8/10/2021,1502.176494,1045.176494,457
8/10/2021,1524.388675,1067.388675,457
8/10/2021,1546.600857,1089.600857,457
8/10/2021,1568.813039,1111.813039,457
8/10/2021,1591.025221,1134.025221,457
8/10/2021,1613.237403,1156.237403,457
8/10/2021,1281.9194,822.9194004,459
8/10/2021,1304.266857,845.2668573,459
8/10/2021,1326.479039,867.4790391,459
8/10/2021,1348.691221,889.6912209,459
8/10/2021,1413.327766,956.3277663,457
8/10/2021,1370.903403,911.9034027,459
8/10/2021,1411.327766,956.3277663,455
8/10/2021,1366.903403,911.9034027,455
8/10/2021,1451.75213,1000.75213,451
8/10/2021,1473.964312,1022.964312,451
8/10/2021,1496.176494,1045.176494,451
8/10/2021,1518.388675,1067.388675,451
8/10/2021,1540.600857,1089.600857,451
8/10/2021,1562.813039,1111.813039,451
8/10/2021,1585.025221,1134.025221,451
8/10/2021,1607.237403,1156.237403,451
8/10/2021,1275.9194,822.9194004,453
8/10/2021,1298.266857,845.2668573,453
8/10/2021,1320.479039,867.4790391,453
8/10/2021,1342.691221,889.6912209,453
8/10/2021,1364.903403,911.9034027,453
8/10/2021,1389.115585,934.1155845,455
8/10/2021,1387.115585,934.1155845,453
8/10/2021,1431.539948,978.5399481,453
8/10/2021,1453.75213,1000.75213,453
8/10/2021,1475.964312,1022.964312,453
8/10/2021,1498.176494,1045.176494,453
8/10/2021,1520.388675,1067.388675,453
8/10/2021,1542.600857,1089.600857,453
8/10/2021,1564.813039,1111.813039,453
8/10/2021,1587.025221,1134.025221,453
8/10/2021,1609.237403,1156.237403,453
8/10/2021,1277.9194,822.9194004,455
8/10/2021,1300.266857,845.2668573,455
8/10/2021,1322.479039,867.4790391,455
8/10/2021,1344.691221,889.6912209,455
8/10/2021,1409.327766,956.3277663,453
8/10/2021,1393.115585,934.1155845,459
8/10/2021,1415.327766,956.3277663,459
8/10/2021,1437.539948,978.5399481,459
8/10/2021,1485.964312,1022.964312,463
8/10/2021,1508.176494,1045.176494,463
8/10/2021,1530.388675,1067.388675,463
8/10/2021,1552.600857,1089.600857,463
8/10/2021,1574.813039,1111.813039,463
8/10/2021,1597.025221,1134.025221,463
8/10/2021,1619.237403,1156.237403,463
8/10/2021,1287.9194,822.9194004,465
8/10/2021,1310.266857,845.2668573,465
8/10/2021,1332.479039,867.4790391,465
8/10/2021,1354.691221,889.6912209,465
8/10/2021,1376.903403,911.9034027,465
8/10/2021,1399.115585,934.1155845,465
8/10/2021,1463.75213,1000.75213,463
8/10/2021,1421.327766,956.3277663,465
8/10/2021,1465.75213,1000.75213,465
8/10/2021,1487.964312,1022.964312,465
8/10/2021,1510.176494,1045.176494,465
8/10/2021,1532.388675,1067.388675,465
8/10/2021,1554.600857,1089.600857,465
8/10/2021,1576.813039,1111.813039,465
8/10/2021,1599.025221,1134.025221,465
8/10/2021,1621.237403,1156.237403,465
8/10/2021,1289.9194,822.9194004,467
8/10/2021,1312.266857,845.2668573,467
8/10/2021,1334.479039,867.4790391,467
8/10/2021,1356.691221,889.6912209,467
8/10/2021,1378.903403,911.9034027,467
8/10/2021,1443.539948,978.5399481,465
8/10/2021,1441.539948,978.5399481,463
8/10/2021,1419.327766,956.3277663,463
8/10/2021,1397.115585,934.1155845,463
8/10/2021,1459.75213,1000.75213,459
8/10/2021,1481.964312,1022.964312,459
8/10/2021,1504.176494,1045.176494,459
8/10/2021,1526.388675,1067.388675,459
8/10/2021,1548.600857,1089.600857,459
8/10/2021,1570.813039,1111.813039,459
8/10/2021,1593.025221,1134.025221,459
8/10/2021,1615.237403,1156.237403,459
8/10/2021,1283.9194,822.9194004,461
8/10/2021,1306.266857,845.2668573,461
8/10/2021,1328.479039,867.4790391,461
8/10/2021,1350.691221,889.6912209,461
8/10/2021,1372.903403,911.9034027,461
8/10/2021,1395.115585,934.1155845,461
8/10/2021,1417.327766,956.3277663,461
8/10/2021,1439.539948,978.5399481,461
8/10/2021,1461.75213,1000.75213,461
8/10/2021,1483.964312,1022.964312,461
8/10/2021,1506.176494,1045.176494,461
8/10/2021,1528.388675,1067.388675,461
8/10/2021,1550.600857,1089.600857,461
8/10/2021,1572.813039,1111.813039,461
8/10/2021,1595.025221,1134.025221,461
8/10/2021,1617.237403,1156.237403,461
8/10/2021,1285.9194,822.9194004,463
8/10/2021,1308.266857,845.2668573,463
8/10/2021,1330.479039,867.4790391,463
8/10/2021,1352.691221,889.6912209,463
8/10/2021,1374.903403,911.9034027,463
8/10/2021,1417.115585,934.1155845,483
8/10/2021,1439.327766,956.3277663,483
8/10/2021,1631.237403,1156.237403,475
8/10/2021,1483.75213,1000.75213,483
8/10/2021,1412.903403,911.9034027,501
8/10/2021,1435.115585,934.1155845,501
8/10/2021,1457.327766,956.3277663,501
8/10/2021,1479.539948,978.5399481,501
8/10/2021,1501.75213,1000.75213,501
8/10/2021,1523.964312,1022.964312,501
8/10/2021,1546.176494,1045.176494,501
8/10/2021,1568.388675,1067.388675,501
8/10/2021,1590.600857,1089.600857,501
8/10/2021,1612.813039,1111.813039,501
8/10/2021,1635.025221,1134.025221,501
8/10/2021,1657.237403,1156.237403,501
8/10/2021,1325.9194,822.9194004,503
8/10/2021,1348.266857,845.2668573,503
8/10/2021,1370.479039,867.4790391,503
8/10/2021,1392.691221,889.6912209,503
8/10/2021,1414.903403,911.9034027,503
8/10/2021,1437.115585,934.1155845,503
8/10/2021,1459.327766,956.3277663,503
8/10/2021,1481.539948,978.5399481,503
8/10/2021,1503.75213,1000.75213,503
8/10/2021,1525.964312,1022.964312,503
8/10/2021,1548.176494,1045.176494,503
8/10/2021,1390.691221,889.6912209,501
8/10/2021,1368.479039,867.4790391,501
8/10/2021,1346.266857,845.2668573,501
8/10/2021,1323.9194,822.9194004,501
8/10/2021,1497.75213,1000.75213,497
8/10/2021,1519.964312,1022.964312,497
8/10/2021,1542.176494,1045.176494,497
8/10/2021,1564.388675,1067.388675,497
8/10/2021,1586.600857,1089.600857,497
8/10/2021,1608.813039,1111.813039,497
8/10/2021,1631.025221,1134.025221,497
8/10/2021,1653.237403,1156.237403,497
8/10/2021,1321.9194,822.9194004,499
8/10/2021,1344.266857,845.2668573,499
8/10/2021,1366.479039,867.4790391,499
8/10/2021,1570.388675,1067.388675,503
8/10/2021,1388.691221,889.6912209,499
8/10/2021,1433.115585,934.1155845,499
8/10/2021,1455.327766,956.3277663,499
8/10/2021,1477.539948,978.5399481,499
8/10/2021,1499.75213,1000.75213,499
8/10/2021,1521.964312,1022.964312,499
8/10/2021,1544.176494,1045.176494,499
8/10/2021,1566.388675,1067.388675,499
8/10/2021,1588.600857,1089.600857,499
8/10/2021,1610.813039,1111.813039,499
8/10/2021,1633.025221,1134.025221,499
8/10/2021,1655.237403,1156.237403,499
8/10/2021,1410.903403,911.9034027,499
8/10/2021,1592.600857,1089.600857,503
8/10/2021,1614.813039,1111.813039,503
8/10/2021,1637.025221,1134.025221,503
8/10/2021,1574.388675,1067.388675,507
8/10/2021,1596.600857,1089.600857,507
8/10/2021,1618.813039,1111.813039,507
8/10/2021,1641.025221,1134.025221,507
8/10/2021,1663.237403,1156.237403,507
8/10/2021,1385.115585,934.1155845,451
8/10/2021,1362.903403,911.9034027,451
8/10/2021,1340.691221,889.6912209,451
8/10/2021,1318.479039,867.4790391,451
8/10/2021,1296.266857,845.2668573,451
8/10/2021,1273.9194,822.9194004,451
8/10/2021,1552.176494,1045.176494,507
8/10/2021,1597.237403,1156.237403,441
8/10/2021,1552.813039,1111.813039,441
8/10/2021,1530.600857,1089.600857,441
8/10/2021,1508.388675,1067.388675,441
8/10/2021,1486.176494,1045.176494,441
8/10/2021,1463.964312,1022.964312,441
8/10/2021,1441.75213,1000.75213,441
8/10/2021,1419.539948,978.5399481,441
8/10/2021,1397.327766,956.3277663,441
8/10/2021,1375.115585,934.1155845,441
8/10/2021,1352.903403,911.9034027,441
8/10/2021,1330.691221,889.6912209,441
8/10/2021,1575.025221,1134.025221,441
8/10/2021,1475.539948,978.5399481,497
8/10/2021,1529.964312,1022.964312,507
8/10/2021,1485.539948,978.5399481,507
8/10/2021,1659.237403,1156.237403,503
8/10/2021,1327.9194,822.9194004,505
8/10/2021,1350.266857,845.2668573,505
8/10/2021,1372.479039,867.4790391,505
8/10/2021,1394.691221,889.6912209,505
8/10/2021,1416.903403,911.9034027,505
8/10/2021,1439.115585,934.1155845,505
8/10/2021,1461.327766,956.3277663,505
8/10/2021,1483.539948,978.5399481,505
8/10/2021,1505.75213,1000.75213,505
8/10/2021,1527.964312,1022.964312,505
8/10/2021,1507.75213,1000.75213,507
8/10/2021,1550.176494,1045.176494,505
8/10/2021,1594.600857,1089.600857,505
8/10/2021,1616.813039,1111.813039,505
8/10/2021,1639.025221,1134.025221,505
8/10/2021,1461.539948,978.5399481,483
8/10/2021,1329.9194,822.9194004,507
8/10/2021,1352.266857,845.2668573,507
8/10/2021,1374.479039,867.4790391,507
8/10/2021,1396.691221,889.6912209,507
8/10/2021,1418.903403,911.9034027,507
8/10/2021,1441.115585,934.1155845,507
8/10/2021,1463.327766,956.3277663,507
8/10/2021,1572.388675,1067.388675,505
8/10/2021,1453.327766,956.3277663,497
8/10/2021,1661.237403,1156.237403,505
8/10/2021,1408.903403,911.9034027,497
8/10/2021,1421.115585,934.1155845,487
8/10/2021,1443.327766,956.3277663,487
8/10/2021,1465.539948,978.5399481,487
8/10/2021,1487.75213,1000.75213,487
8/10/2021,1509.964312,1022.964312,487
8/10/2021,1532.176494,1045.176494,487
8/10/2021,1554.388675,1067.388675,487
8/10/2021,1576.600857,1089.600857,487
8/10/2021,1598.813039,1111.813039,487
8/10/2021,1621.025221,1134.025221,487
8/10/2021,1643.237403,1156.237403,487
8/10/2021,1311.9194,822.9194004,489
8/10/2021,1334.266857,845.2668573,489
8/10/2021,1356.479039,867.4790391,489
8/10/2021,1378.691221,889.6912209,489
8/10/2021,1400.903403,911.9034027,489
8/10/2021,1423.115585,934.1155845,489
8/10/2021,1445.327766,956.3277663,489
8/10/2021,1467.539948,978.5399481,489
8/10/2021,1489.75213,1000.75213,489
8/10/2021,1511.964312,1022.964312,489
8/10/2021,1534.176494,1045.176494,489
8/10/2021,1556.388675,1067.388675,489
8/10/2021,1398.903403,911.9034027,487
8/10/2021,1376.691221,889.6912209,487
8/10/2021,1354.479039,867.4790391,487
8/10/2021,1332.266857,845.2668573,487
8/10/2021,1431.115585,934.1155845,497
8/10/2021,1505.964312,1022.964312,483
8/10/2021,1528.176494,1045.176494,483
8/10/2021,1550.388675,1067.388675,483
8/10/2021,1572.600857,1089.600857,483
8/10/2021,1594.813039,1111.813039,483
8/10/2021,1617.025221,1134.025221,483
8/10/2021,1307.9194,822.9194004,485
8/10/2021,1330.266857,845.2668573,485
8/10/2021,1352.479039,867.4790391,485
8/10/2021,1374.691221,889.6912209,485
8/10/2021,1578.600857,1089.600857,489
8/10/2021,1396.903403,911.9034027,485
8/10/2021,1441.327766,956.3277663,485
8/10/2021,1463.539948,978.5399481,485
8/10/2021,1485.75213,1000.75213,485
8/10/2021,1507.964312,1022.964312,485
8/10/2021,1530.176494,1045.176494,485
8/10/2021,1552.388675,1067.388675,485
8/10/2021,1574.600857,1089.600857,485
8/10/2021,1596.813039,1111.813039,485
8/10/2021,1619.025221,1134.025221,485
8/10/2021,1641.237403,1156.237403,485
8/10/2021,1309.9194,822.9194004,487
8/10/2021,1419.115585,934.1155845,485
8/10/2021,1600.813039,1111.813039,489
8/10/2021,1639.237403,1156.237403,483
8/10/2021,1645.237403,1156.237403,489
8/10/2021,1582.600857,1089.600857,493
8/10/2021,1604.813039,1111.813039,493
8/10/2021,1627.025221,1134.025221,493
8/10/2021,1649.237403,1156.237403,493
8/10/2021,1317.9194,822.9194004,495
8/10/2021,1340.266857,845.2668573,495
8/10/2021,1362.479039,867.4790391,495
8/10/2021,1384.691221,889.6912209,495
8/10/2021,1406.903403,911.9034027,495
8/10/2021,1429.115585,934.1155845,495
8/10/2021,1451.327766,956.3277663,495
8/10/2021,1473.539948,978.5399481,495
8/10/2021,1495.75213,1000.75213,495
8/10/2021,1517.964312,1022.964312,495
8/10/2021,1540.176494,1045.176494,495
8/10/2021,1623.025221,1134.025221,489
8/10/2021,1562.388675,1067.388675,495
8/10/2021,1584.600857,1089.600857,495
8/10/2021,1386.691221,889.6912209,497
8/10/2021,1606.813039,1111.813039,495
8/10/2021,1629.025221,1134.025221,495
8/10/2021,1651.237403,1156.237403,495
8/10/2021,1319.9194,822.9194004,497
8/10/2021,1560.388675,1067.388675,493
8/10/2021,1538.176494,1045.176494,493
8/10/2021,1515.964312,1022.964312,493
8/10/2021,1493.75213,1000.75213,493
8/10/2021,1313.9194,822.9194004,491
8/10/2021,1336.266857,845.2668573,491
8/10/2021,1358.479039,867.4790391,491
8/10/2021,1380.691221,889.6912209,491
8/10/2021,1402.903403,911.9034027,491
8/10/2021,1425.115585,934.1155845,491
8/10/2021,1447.327766,956.3277663,491
8/10/2021,1469.539948,978.5399481,491
8/10/2021,1491.75213,1000.75213,491
8/10/2021,1513.964312,1022.964312,491
8/10/2021,1536.176494,1045.176494,491
8/10/2021,1342.266857,845.2668573,497
8/10/2021,1558.388675,1067.388675,491
8/10/2021,1602.813039,1111.813039,491
8/10/2021,1625.025221,1134.025221,491
8/10/2021,1647.237403,1156.237403,491
8/10/2021,1315.9194,822.9194004,493
8/10/2021,1338.266857,845.2668573,493
8/10/2021,1360.479039,867.4790391,493
8/10/2021,1382.691221,889.6912209,493
8/10/2021,1404.903403,911.9034027,493
8/10/2021,1427.115585,934.1155845,493
8/10/2021,1449.327766,956.3277663,493
8/10/2021,1471.539948,978.5399481,493
8/10/2021,1580.600857,1089.600857,491
8/10/2021,1364.479039,867.4790391,497
8/15/2021,842.8472736,842.8472736,497
8/29/2021,836.5031943,836.5031943,497
8/29/2021,795.6895332,795.6895332,497
8/29/2021,822.8986406,822.8986406,497
9/1/2021,787.7857574,787.7857574,497
9/1/2021,743.2432432,743.2432432,497
9/1/2021,825.475577,825.475577,497
9/4/2021,700.8007233,700.8007233,497
9/4/2021,782.996445,782.996445,497
9/5/2021,628.3999918,628.3999918,497
9/5/2021,696.8964265,696.8964265,497
9/5/2021,758.5432178,758.5432178,497
9/5/2021,826.3546882,826.3546882,497
9/5/2021,696.2114622,696.2114622,497
9/7/2021,761.7193097,761.7193097,497
9/7/2021,812.8908654,812.8908654,497
9/9/2021,775.1692613,775.1692613,497
9/9/2021,734.061489,734.061489,497
9/11/2021,654.8762961,654.8762961,497
9/11/2021,712.6947242,712.6947242,497
9/12/2021,644.5515768,644.5515768,497
9/12/2021,729.9025897,729.9025897,497
9/18/2021,640.0654481,640.0654481,497
9/18/2021,733.9905367,733.9905367,497
9/19/2021,737.3936196,737.3936196,497
9/19/2021,666.6094949,666.6094949,497
9/25/2021,750.9326172,750.9326172,497
9/25/2021,664.0813479,664.0813479,497
9/26/2021,765.4078287,765.4078287,497
9/26/2021,682.6923342,682.6923342,497
10/1/2021,1317.996386,781.9963864,536
10/1/2021,1309.746174,773.746174,536
10/1/2021,1278.807877,742.8078773,536
10/1/2021,1272.996386,781.9963864,491
10/1/2021,1264.746174,773.746174,491
10/1/2021,1233.807877,742.8078773,491
10/2/2021,701.6921939,701.6921939,491
10/2/2021,776.1774183,776.1774183,491
10/3/2021,707.899296,707.899296,491
10/3/2021,712.037364,712.037364,491
10/3/2021,811.3509964,811.3509964,491
10/8/2021,820.9995382,820.9995382,491
10/8/2021,823.7815972,823.7815972,491
10/8/2021,880.8138079,880.8138079,491
10/8/2021,923.9357233,923.9357233,491
10/8/2021,932.2819005,932.2819005,491
10/9/2021,849.0468902,849.0468902,491
10/9/2021,945.0535689,945.0535689,491
10/10/2021,876.1792125,876.1792125,491
10/10/2021,968.0116878,968.0116878,491
10/10/2021,976.3600946,976.3600946,491
10/10/2021,1004.188117,1004.188117,491
10/16/2021,928.0189612,928.0189612,491
10/16/2021,1012.166303,1012.166303,491
10/17/2021,942.7447461,942.7447461,491
10/17/2021,1005.855253,1005.855253,491
10/23/2021,867.0000602,867.0000602,491
10/23/2021,1016.109561,1016.109561,491
10/24/2021,1005.356472,1005.356472,491
10/24/2021,1054.103809,1054.103809,491
10/24/2021,945.1391736,945.1391736,491
10/30/2021,943.4391985,943.4391985,491
10/30/2021,1014.699102,1014.699102,491
11/3/2021,779.3422257,779.3422257,491
11/13/2021,774.9853194,774.9853194,491
11/13/2021,688.1421911,688.1421911,491
11/14/2021,706.7514329,706.7514329,491
11/14/2021,785.323787,785.323787,491
11/20/2021,681.3885777,681.3885777,491
11/20/2021,757.5871003,757.5871003,491
11/21/2021,691.4146991,691.4146991,491
11/21/2021,748.8977951,748.8977951,491
11/27/2021,670.4230336,670.4230336,491
11/27/2021,746.819173,746.819173,491
11/28/2021,744.8087483,744.8087483,491
11/28/2021,680.4751572,680.4751572,491
11/29/2021,713.178066,713.178066,491
12/4/2021,634.8866951,634.8866951,491
12/4/2021,727.6768965,727.6768965,491
12/5/2021,661.1100129,661.1100129,491
12/5/2021,721.6253616,721.6253616,491
12/11/2021,648.3272528,648.3272528,491
12/11/2021,738.1063147,738.1063147,491
12/12/2021,715.6615493,715.6615493,491
12/12/2021,670.7720183,670.7720183,491
12/13/2021,702.0586611,702.0586611,491
12/18/2021,679.6426722,679.6426722,491
12/18/2021,614.9289227,614.9289227,491
12/20/2021,644.5893913,644.5893913,491
12/22/2021,1236.300118,660.3001179,576
12/22/2021,1228.166841,652.1668406,576
12/26/2021,581.3915501,581.3915501,576
12/26/2021,638.5628762,638.5628762,576
1/5/2022,616,638.5628762,616
1/5/2022,626,638.5628762,626
1/5/2022,621,638.5628762,621
1/15/2022,806,638.5628762,806
1/15/2022,676,638.5628762,676
1/15/2022,726,638.5628762,726
1/15/2022,766,638.5628762,766
1/15/2022,846,638.5628762,846
1/15/2022,651,638.5628762,651
1/22/2022,599.2308278,599.2308278,651
1/22/2022,519.2673825,519.2673825,651
1/23/2022,578.2880207,578.2880207,651
1/23/2022,536.4024065,536.4024065,651
1/28/2022,560.8528561,560.8528561,651
1/29/2022,580.905463,580.905463,651
1/29/2022,491.7342128,491.7342128,651
1/29/2022,486.564865,486.564865,651
1/30/2022,569.9205988,569.9205988,651
1/30/2022,516.9347835,516.9347835,651
2/6/2022,1424.562965,518.5629647,906
2/6/2022,1535.825516,629.8255165,906
2/10/2022,936,629.8255165,936
2/10/2022,966,629.8255165,966
2/12/2022,566.5545279,566.5545279,966
2/12/2022,541.157256,541.157256,966
2/12/2022,640.7927075,640.7927075,966
2/12/2022,476.687258,476.687258,966
2/19/2022,633.6153567,633.6153567,966
2/19/2022,539.8852744,539.8852744,966
2/20/2022,592.3741205,592.3741205,966
2/20/2022,622.3677469,622.3677469,966
2/26/2022,413.049731,413.049731,966
2/27/2022,356.4675761,356.4675761,966
2/27/2022,495.0938556,495.0938556,966
3/12/2022,407.5283188,407.5283188,966
3/12/2022,462.741833,462.741833,966
3/13/2022,375.1013343,375.1013343,966
3/18/2022,1006,375.1013343,1006
3/19/2022,463.4615385,463.4615385,1006
3/22/2022,1513.889908,467.8899083,1046
3/22/2022,1608.04732,562.0473201,1046
3/22/2022,1569.418638,523.4186383,1046
3/22/2022,1530.789957,484.7899565,1046
3/22/2022,1521.132786,475.1327861,1046
3/22/2022,1518.718493,472.7184935,1046
3/22/2022,1516.304201,470.3042009,1046
3/26/2022,581.6155989,581.6155989,1046
3/26/2022,641.7827298,641.7827298,1046
4/10/2022,652.6275849,652.6275849,1046
4/10/2022,728.5145134,728.5145134,1046
4/16/2022,647.0219436,647.0219436,1046
4/16/2022,722.2570533,722.2570533,1046
4/23/2022,787.6923077,787.6923077,1046
4/23/2022,732.991453,732.991453,1046
4/30/2022,,732.991453,1046
4/30/2022,,732.991453,1046
5/3/2022,0,,0
5/3/2022,523,,523
5/3/2022,523,,523
5/3/2022,523,,523
5/3/2022,0,,0
5/3/2022,0,,0
5/7/2022,,,
5/7/2022,,,
5/7/2022,,,
