Date,Price
4/29/2022,70.96
4/28/2022,72.08
4/27/2022,72.78
4/26/2022,73.525
4/25/2022,73.125
4/22/2022,75.45
4/21/2022,74.785
4/20/2022,76.4125
4/19/2022,78.515
4/18/2022,79.75
4/15/2022,79.995
4/14/2022,80.8975
4/13/2022,79.8675
4/12/2022,79.68
4/11/2022,79.065
4/8/2022,76.08
4/7/2022,75.75
4/6/2022,79.7
4/5/2022,83.3125
4/4/2022,84
4/1/2022,83.95
3/31/2022,83.2
3/30/2022,84.55
3/29/2022,85.25
3/28/2022,89.75
3/25/2022,96
3/24/2022,97
3/23/2022,97.7375
3/22/2022,103.55
3/21/2022,104
3/18/2022,104.82
3/17/2022,103.15
3/16/2022,108
3/15/2022,110.1
3/14/2022,114.1025
3/11/2022,114.2525
3/10/2022,118.5
3/9/2022,120
3/8/2022,127.5
3/7/2022,143
3/4/2022,122.5375
3/3/2022,109.896
3/2/2022,102.8505
3/1/2022,108.5435
2/28/2022,106.0405
2/25/2022,105.271
2/24/2022,84.0475
2/23/2022,81.148
2/22/2022,78.5987
2/21/2022,80.017
2/18/2022,77.332
2/17/2022,76.3088
2/16/2022,75.2537
2/15/2022,75.3519
2/14/2022,76.7799
2/11/2022,77.1905
2/10/2022,75.0216
2/9/2022,74.7189
2/8/2022,75.0091
2/7/2022,75.4971
2/4/2022,75.8385
2/3/2022,76.5108
2/2/2022,76.0472
2/1/2022,76.8603
1/31/2022,77.3792
1/28/2022,77.8279
1/27/2022,78.0065
1/26/2022,79.496
1/25/2022,78.6456
1/24/2022,78.786
1/21/2022,77.4485
1/20/2022,76.6814
1/19/2022,76.2065
1/18/2022,76.935
1/17/2022,76.1055
1/14/2022,76.2202
1/13/2022,76.2755
1/12/2022,74.7154
1/11/2022,74.4665
1/10/2022,75.0159
1/7/2022,75.7408
1/6/2022,76.313
1/5/2022,76.7857
1/4/2022,75.37
1/3/2022,74.5508
12/30/2021,74.6539
12/29/2021,74
12/28/2021,73.7359
12/27/2021,73.4634
12/24/2021,73.6673
12/23/2021,73.3072
12/22/2021,73.771
12/21/2021,74.0007
12/20/2021,74.1728
12/17/2021,74.1326
12/16/2021,73.7575
12/15/2021,73.6998
12/14/2021,73.7913
12/13/2021,73.5138
12/10/2021,73.3758
12/9/2021,73.7411
12/8/2021,73.5993
12/7/2021,74.0426
12/6/2021,74.3613
12/3/2021,73.9072
12/2/2021,73.6581
12/1/2021,74.2515
11/30/2021,74.0838
11/29/2021,74.6111
11/26/2021,75.61
11/25/2021,74.6918
11/24/2021,74.9821
11/23/2021,74.2883
11/22/2021,74.8046
11/19/2021,73.4834
11/18/2021,73.0995
11/17/2021,72.5452
11/16/2021,73.1238
11/15/2021,72.5446
11/12/2021,72.8919
11/11/2021,71.6154
11/10/2021,71.2839
11/9/2021,70.7175
11/8/2021,71.2167
11/5/2021,71.2568
11/3/2021,71.7541
11/2/2021,71.5309
11/1/2021,71.569
10/29/2021,70.9464
10/28/2021,70.2206
10/27/2021,70.6361
10/26/2021,69.5439
10/25/2021,69.7474
10/22/2021,70.3281
10/21/2021,71.1022
10/20/2021,70.8265
10/19/2021,70.8617
10/18/2021,71.3035
10/15/2021,71.0283
10/14/2021,71.3604
10/13/2021,72.0023
10/12/2021,71.8655
10/11/2021,71.87
10/8/2021,71.8892
10/7/2021,71.6867
10/6/2021,72.4043
10/5/2021,72.3589
10/4/2021,72.4976
10/1/2021,72.7254
9/30/2021,72.7514
9/29/2021,72.8545
9/28/2021,72.775
9/27/2021,72.5378
9/24/2021,72.7358
9/23/2021,72.8258
9/22/2021,73.0185
9/21/2021,73.0868
9/20/2021,73.4628
9/17/2021,72.8628
9/16/2021,72.5456
9/15/2021,72.2914
9/14/2021,72.9103
9/13/2021,72.6412
9/10/2021,73.1879
9/9/2021,72.9789
9/8/2021,73.1484
9/7/2021,73.2829
9/6/2021,72.9965
9/3/2021,72.731
9/2/2021,72.8758
9/1/2021,72.964
8/31/2021,73.2274
8/30/2021,73.5048
8/27/2021,73.5503
8/26/2021,74.2299
8/25/2021,73.9352
8/24/2021,73.736
8/23/2021,74.1489
8/20/2021,74.2646
8/19/2021,74.1661
8/18/2021,73.8237
8/17/2021,73.572
8/16/2021,73.2434
8/13/2021,73.2193
8/12/2021,73.611
8/11/2021,73.3795
8/10/2021,73.9234
8/9/2021,73.6921
8/6/2021,73.4602
8/5/2021,73.0848
8/4/2021,73.144
8/3/2021,72.9504
8/2/2021,73.0467
7/30/2021,73.1409
7/29/2021,73.1489
7/28/2021,73.4968
7/27/2021,73.7395
7/26/2021,73.6405
7/23/2021,73.7426
7/22/2021,73.6974
7/21/2021,74.0119
7/20/2021,74.3593
7/19/2021,74.6509
7/16/2021,74.084
7/15/2021,74.3597
7/14/2021,74.083
7/13/2021,74.3195
7/12/2021,74.4354
7/9/2021,74.3555
7/8/2021,74.7731
7/7/2021,74.7066
7/6/2021,74.4429
7/5/2021,73.4725
7/2/2021,73.257
7/1/2021,73.4087
6/30/2021,73.1522
6/29/2021,72.7672
6/28/2021,72.1155
6/25/2021,72.2047
6/24/2021,72.3227
6/23/2021,72.6076
6/22/2021,72.8844
6/21/2021,73.1372
6/18/2021,72.8175
6/17/2021,72.3255
6/16/2021,72.6047
6/15/2021,72.1801
6/14/2021,72.1015
6/11/2021,72.1126
6/10/2021,71.7738
6/9/2021,72.3117
6/8/2021,72.2935
6/7/2021,72.8164
6/4/2021,72.7878
6/3/2021,73.2447
6/2/2021,73.1472
6/1/2021,73.511
5/31/2021,73.4341
5/28/2021,73.1646
5/27/2021,73.4885
5/26/2021,73.5012
5/25/2021,73.5014
5/24/2021,73.47
5/21/2021,73.6222
5/20/2021,73.5218
5/19/2021,73.7722
5/18/2021,73.7118
5/17/2021,73.8023
5/14/2021,74.0079
5/13/2021,74.0554
5/12/2021,74.6465
5/11/2021,74.1117
5/10/2021,74.3512
5/7/2021,73.7955
5/6/2021,74.24
5/5/2021,74.8614
5/4/2021,74.8595
4/30/2021,75.2073
4/29/2021,74.63
4/28/2021,74.4065
4/27/2021,74.9065
4/26/2021,75.0048
4/23/2021,74.9806
4/22/2021,75.4239
4/21/2021,76.6218
4/20/2021,76.8116
4/19/2021,76.3583
4/16/2021,75.8268
4/15/2021,76.3372
4/14/2021,75.8828
4/13/2021,75.9373
4/12/2021,77.3698
4/9/2021,77.3964
4/8/2021,76.8609
4/7/2021,76.9759
4/6/2021,77.2618
4/5/2021,76.3881
4/2/2021,76.516
4/1/2021,76.2673
3/31/2021,75.6987
3/30/2021,75.8495
3/29/2021,75.6648
3/26/2021,75.6633
3/25/2021,76.187
3/24/2021,76.5795
3/23/2021,76.3799
3/22/2021,74.9227
3/19/2021,74.1213
3/18/2021,74.3129
3/17/2021,73.6311
3/16/2021,72.8728
3/15/2021,72.817
3/12/2021,73.3335
3/11/2021,73.3037
3/10/2021,73.6031
3/9/2021,73.9083
3/5/2021,74.2287
3/4/2021,74.703
3/3/2021,73.9755
3/2/2021,73.8165
3/1/2021,74.1739
2/26/2021,74.6196
2/25/2021,74.7301
2/24/2021,73.5305
2/22/2021,74.313
2/20/2021,74.0545
2/19/2021,74.1116
2/18/2021,73.9036
2/17/2021,73.7194
2/16/2021,73.6533
2/15/2021,73.3225
2/12/2021,73.7114
2/11/2021,73.6155
2/10/2021,73.9408
2/9/2021,73.8836
2/8/2021,74.3034
2/5/2021,74.6528
2/4/2021,75.5065
2/3/2021,75.9423
2/2/2021,76.224
2/1/2021,76.1354
1/29/2021,75.7404
1/28/2021,75.9592
1/27/2021,75.8464
1/26/2021,75.0963
1/25/2021,75.346
1/22/2021,75.2899
1/21/2021,73.834
1/20/2021,73.5241
1/19/2021,73.6709
1/18/2021,74.0232
1/15/2021,73.6309
1/14/2021,73.2179
1/13/2021,73.7649
1/12/2021,73.5369
1/11/2021,74.6691
1/8/2021,74.1636
1/6/2021,73.9221
1/5/2021,74.0283
1/4/2021,74.3051
12/30/2020,74.4121
12/29/2020,74.0354
12/28/2020,73.757
12/25/2020,74.1956
12/24/2020,73.8873
12/23/2020,75.0744
12/22/2020,75.8958
12/21/2020,74.8058
12/18/2020,73.3477
12/17/2020,72.862
12/16/2020,73.3497
12/15/2020,73.3824
12/14/2020,73.8683
12/11/2020,72.9572
12/10/2020,73.0484
12/9/2020,73.8723
12/8/2020,73.5166
12/7/2020,73.6484
12/4/2020,74.0634
12/3/2020,74.4431
12/2/2020,75.0718
12/1/2020,75.8453
11/30/2020,76.4033
11/27/2020,75.8605
11/26/2020,75.7072
11/25/2020,75.5406
11/24/2020,75.4715
11/23/2020,76.1755
11/20/2020,76.1924
11/19/2020,76.0553
11/18/2020,76.0511
11/17/2020,76.2305
11/16/2020,76.1698
11/13/2020,77.4023
11/12/2020,77.3496
11/11/2020,77.1139
11/10/2020,76.57
11/9/2020,76.3064
11/6/2020,77.4158
11/5/2020,77.0264
11/3/2020,79.3552
11/2/2020,80.5386
10/30/2020,79.5257
10/29/2020,78.8685
10/28/2020,79.2242
10/27/2020,77.3059
10/26/2020,76.495
10/23/2020,76.1235
10/22/2020,76.6168
10/21/2020,76.7229
10/20/2020,77.3423
10/19/2020,77.65
10/16/2020,77.8938
10/15/2020,78.0885
10/14/2020,77.6328
10/13/2020,77.0491
10/12/2020,77.1449
10/9/2020,76.7675
10/8/2020,77.3714
10/7/2020,78.032
10/6/2020,78.449
10/5/2020,78.1055
10/2/2020,78.1851
10/1/2020,77.3346
9/30/2020,77.6319
9/29/2020,79.0732
9/28/2020,79.0566
9/25/2020,78.2164
9/24/2020,77.1487
9/23/2020,77.0808
9/22/2020,76.0992
9/21/2020,76.1224
9/18/2020,75.744
9/17/2020,75.2033
9/16/2020,74.9778
9/15/2020,75.0223
9/14/2020,75.2574
9/11/2020,75.0956
9/10/2020,75.2048
9/9/2020,75.3163
9/8/2020,76.2826
9/7/2020,75.7585
9/4/2020,75.4087
9/3/2020,75.268
9/2/2020,75.4015
9/1/2020,73.5765
8/31/2020,74.0718
8/28/2020,74.0056
8/27/2020,74.9588
8/26/2020,75.3995
8/25/2020,75.3312
8/24/2020,74.6401
8/21/2020,74.7995
8/20/2020,73.7823
8/19/2020,73.292
8/18/2020,73.1634
8/17/2020,73.7015
8/14/2020,72.8558
8/13/2020,72.9555
8/12/2020,73.7116
8/11/2020,73.1506
8/10/2020,73.4667
8/7/2020,73.717
8/6/2020,73.2782
8/5/2020,72.8745
8/4/2020,73.5325
8/3/2020,73.1149
7/31/2020,74.4114
7/30/2020,73.1543
7/29/2020,72.581
7/28/2020,72.5804
7/27/2020,71.565
7/24/2020,71.729
7/23/2020,71.4585
7/22/2020,71.0675
7/21/2020,70.7443
7/20/2020,71.3428
7/17/2020,71.8825
7/16/2020,71.592
7/15/2020,70.9881
7/14/2020,70.8703
7/13/2020,70.9912
7/10/2020,70.7118
7/9/2020,70.9414
7/8/2020,71.1138
7/7/2020,71.4936
7/6/2020,71.8276
7/3/2020,71.3983
7/2/2020,70.5747
6/30/2020,71.1734
6/29/2020,69.998
6/26/2020,69.7955
6/25/2020,69.0183
6/23/2020,68.8651
6/22/2020,69.1003
6/19/2020,69.446
6/18/2020,69.8744
6/17/2020,69.7446
6/16/2020,69.6567
6/15/2020,69.5536
6/11/2020,70.2013
6/10/2020,68.4949
6/9/2020,68.5617
6/8/2020,68.1966
6/5/2020,68.686
6/4/2020,69.1601
6/3/2020,68.6504
6/2/2020,68.6754
6/1/2020,69.1249
5/29/2020,70.1445
5/28/2020,70.4928
5/27/2020,71.0038
5/26/2020,70.7948
5/25/2020,71.6901
5/22/2020,71.6123
5/21/2020,70.9631
5/20/2020,71.118
5/19/2020,72.4881
5/18/2020,72.6718
5/15/2020,73.616
5/14/2020,73.4875
5/13/2020,73.929
5/12/2020,73.7134
5/8/2020,73.4267
5/7/2020,74.1003
5/6/2020,74.5643
5/5/2020,73.7551
5/4/2020,74.8191
4/30/2020,74.3813
4/29/2020,73.0162
4/28/2020,74.1033
4/27/2020,74.4935
4/24/2020,74.5651
4/23/2020,74.7727
4/22/2020,75.9065
4/21/2020,77.0694
4/20/2020,75.5185
4/17/2020,73.958
4/16/2020,74.1841
4/15/2020,74.8437
4/14/2020,72.9953
4/13/2020,73.6013
4/10/2020,73.7523
4/9/2020,74.2565
4/8/2020,74.9406
4/7/2020,75.5471
4/6/2020,76.0059
4/3/2020,76.4918
4/2/2020,77.2349
4/1/2020,78.731
3/31/2020,78.4426
3/30/2020,79.3378
3/27/2020,78.8122
3/26/2020,77.4751
3/25/2020,78.2023
3/24/2020,78.2965
3/23/2020,79.5936
3/20/2020,79.9236
3/19/2020,79.1566
3/18/2020,80.8692
3/17/2020,75.4362
3/16/2020,74.6596
3/13/2020,72.6133
3/12/2020,74.8742
3/11/2020,72.9375
3/10/2020,71.3747
3/6/2020,68.5685
3/5/2020,67.6538
3/4/2020,66.2666
3/3/2020,65.9881
3/2/2020,66.4319
2/28/2020,66.8806
2/27/2020,66.0217
2/26/2020,65.4708
2/25/2020,65.3726
2/21/2020,64.0561
2/20/2020,64.2038
2/19/2020,63.571
2/18/2020,63.8115
2/17/2020,63.4645
2/14/2020,63.5556
2/13/2020,63.6413
2/12/2020,63.2143
2/11/2020,63.3759
2/10/2020,64.1332
2/7/2020,64.11
2/6/2020,63.3488
2/5/2020,62.8877
2/4/2020,63.1093
2/3/2020,63.715
1/31/2020,63.9203
1/30/2020,63.2759
1/29/2020,62.5451
1/28/2020,62.2825
1/27/2020,62.9797
1/24/2020,62.0857
1/23/2020,61.902
1/22/2020,61.8397
1/21/2020,61.8802
1/20/2020,61.5553
1/17/2020,61.5573
1/16/2020,61.6574
1/15/2020,61.4315
1/14/2020,61.4394
1/13/2020,61.2727
1/10/2020,61.0548
1/9/2020,61.283
1/8/2020,61.2437
1/6/2020,61.8227
1/3/2020,62.0922
12/30/2019,61.9863
12/27/2019,62.0332
12/26/2019,62.2138
12/25/2019,61.8489
12/24/2019,61.9669
12/23/2019,62.268
12/20/2019,62.2634
12/19/2019,62.4133
12/18/2019,62.661
12/17/2019,62.4038
12/16/2019,62.4428
12/13/2019,62.8624
12/12/2019,62.8402
12/11/2019,63.2695
12/10/2019,63.5011
12/9/2019,63.5847
12/6/2019,63.7533
12/5/2019,63.7294
12/4/2019,63.9429
12/3/2019,64.1502
12/2/2019,64.1748
11/29/2019,64.3195
11/28/2019,64.0735
11/27/2019,63.9615
11/26/2019,63.9516
11/25/2019,63.9381
11/22/2019,63.8623
11/21/2019,63.7094
11/20/2019,63.8991
11/19/2019,63.8192
11/18/2019,63.8278
11/15/2019,63.7628
11/14/2019,63.9828
11/13/2019,64.3456
11/12/2019,64.2272
11/11/2019,63.8874
11/8/2019,63.8046
11/7/2019,63.5284
11/6/2019,63.8725
11/5/2019,63.4946
11/1/2019,63.5244
10/31/2019,64.1328
10/30/2019,63.8536
10/29/2019,63.9463
10/28/2019,63.752
10/25/2019,63.8639
10/24/2019,64.0693
10/23/2019,63.9333
10/22/2019,63.7282
10/21/2019,63.7151
10/18/2019,63.7651
10/17/2019,64.1176
10/16/2019,64.0773
10/15/2019,64.2749
10/14/2019,64.295
10/11/2019,64.2224
10/10/2019,64.4582
10/9/2019,64.8895
10/8/2019,65.2004
10/7/2019,64.9596
10/4/2019,64.6288
10/3/2019,65.1317
10/2/2019,65.2033
10/1/2019,65.2647
9/30/2019,64.8569
9/27/2019,64.6841
9/26/2019,64.2124
9/25/2019,64.1506
9/24/2019,63.9902
9/23/2019,63.8469
9/20/2019,64.02
9/19/2019,63.9748
9/18/2019,64.163
9/17/2019,64.3652
9/16/2019,64.0405
9/13/2019,64.3403
9/12/2019,64.7151
9/11/2019,65.4915
9/10/2019,65.4233
9/9/2019,65.5344
9/6/2019,65.7289
9/5/2019,66.2335
9/4/2019,66.2255
9/3/2019,66.7693
9/2/2019,66.7973
8/30/2019,66.7657
8/29/2019,66.5718
8/28/2019,66.7779
8/27/2019,66.4352
8/26/2019,66.0593
8/23/2019,65.999
8/22/2019,65.6081
8/21/2019,65.754
8/20/2019,66.5455
8/19/2019,66.8987
8/16/2019,66.5148
8/15/2019,66.0533
8/14/2019,66.0531
8/13/2019,64.9112
8/12/2019,65.4132
8/9/2019,65.2816
8/8/2019,65.0435
8/7/2019,65.3237
8/6/2019,65.2723
8/5/2019,65.5195
8/2/2019,65.2713
8/1/2019,64.3518
7/31/2019,63.6284
7/30/2019,63.5067
7/29/2019,63.4357
7/26/2019,63.3663
7/25/2019,63.2336
7/24/2019,63.2936
7/23/2019,63.1609
7/22/2019,63.096
7/19/2019,63.0295
7/18/2019,62.8087
7/17/2019,62.9353
7/16/2019,63.0391
7/15/2019,62.6628
7/12/2019,62.9505
7/11/2019,62.8166
7/10/2019,63.1755
7/9/2019,63.9014
7/8/2019,63.6823
7/5/2019,63.8159
7/4/2019,63.4766
7/3/2019,63.322
7/2/2019,63.311
7/1/2019,62.973
6/28/2019,63.2305
6/27/2019,63.0788
6/26/2019,63.0602
6/25/2019,62.8613
6/24/2019,62.584
6/21/2019,63.0073
6/20/2019,62.91
6/19/2019,63.7783
6/18/2019,64.025
6/17/2019,64.3192
6/14/2019,64.3915
6/13/2019,64.5806
6/11/2019,64.5588
6/10/2019,64.7798
6/7/2019,64.87
6/6/2019,65.085
6/5/2019,65.3773
6/4/2019,65.1582
6/3/2019,65.3445
5/31/2019,65.4306
5/30/2019,65.1893
5/29/2019,64.9661
5/28/2019,64.7077
5/27/2019,64.4589
5/24/2019,64.4809
5/23/2019,64.8495
5/22/2019,64.3877
5/21/2019,64.4213
5/20/2019,64.5266
5/17/2019,64.7683
5/16/2019,64.6215
5/15/2019,64.6534
5/14/2019,64.945
5/13/2019,65.4278
5/10/2019,65.1033
5/8/2019,65.0687
5/7/2019,65.3974
5/6/2019,65.2236
5/3/2019,65.088
5/2/2019,65.4368
4/30/2019,64.6373
4/29/2019,64.4728
4/26/2019,64.7334
4/25/2019,64.6565
4/24/2019,64.3406
4/23/2019,63.6853
4/22/2019,63.8083
4/19/2019,64.0515
4/18/2019,63.8939
4/17/2019,63.8584
4/16/2019,64.1045
4/15/2019,64.267
4/12/2019,64.3497
4/11/2019,64.6097
4/10/2019,64.3223
4/9/2019,64.9032
4/8/2019,64.8788
4/5/2019,65.3465
4/4/2019,65.4796
4/3/2019,65.2355
4/2/2019,65.299
4/1/2019,65.1784
3/29/2019,65.634
3/28/2019,64.9382
3/27/2019,64.8291
3/26/2019,64.3919
3/25/2019,64.0807
3/22/2019,64.6616
3/21/2019,63.8684
3/20/2019,63.8577
3/19/2019,64.38
3/18/2019,64.3651
3/15/2019,64.8075
3/14/2019,65.514
3/13/2019,65.3932
3/12/2019,65.6236
3/11/2019,65.9751
3/7/2019,66.2827
3/6/2019,65.9751
3/5/2019,65.7624
3/4/2019,65.7387
3/1/2019,65.9365
2/28/2019,65.9151
2/27/2019,65.7901
2/26/2019,65.6999
2/25/2019,65.495
2/22/2019,65.3869
2/21/2019,65.5739
2/20/2019,65.6328
2/19/2019,65.7666
2/18/2019,66.2745
2/15/2019,66.3093
2/14/2019,66.6512
2/13/2019,66.5134
2/12/2019,65.8784
2/11/2019,65.8422
2/8/2019,65.7932
2/7/2019,65.9173
2/6/2019,65.8698
2/5/2019,65.6228
2/4/2019,65.5888
2/1/2019,65.5049
1/31/2019,65.4103
1/30/2019,65.5051
1/29/2019,66.0576
1/28/2019,66.264
1/25/2019,65.9938
1/24/2019,65.7634
1/23/2019,66.0805
1/22/2019,66.5341
1/21/2019,66.3882
1/18/2019,66.2722
1/17/2019,66.3653
1/16/2019,66.372
1/15/2019,66.9595
1/14/2019,67.0783
1/11/2019,66.8938
1/10/2019,66.9102
1/9/2019,66.7328
1/8/2019,66.9003
1/4/2019,67.7368
1/3/2019,68.6577
12/29/2018,69.8319
12/28/2018,69.5012
12/27/2018,69.5675
12/26/2018,68.6993
12/25/2018,68.6627
12/24/2018,68.5829
12/21/2018,68.8671
12/20/2018,68.3253
12/19/2018,67.4674
12/18/2018,67.2727
12/17/2018,66.7793
12/14/2018,66.745
12/13/2018,66.2312
12/12/2018,66.3996
12/11/2018,66.3795
12/10/2018,66.6529
12/7/2018,66.4006
12/6/2018,66.8741
12/5/2018,66.5669
12/4/2018,66.8401
12/3/2018,66.5095
11/30/2018,66.951
11/29/2018,66.2124
11/28/2018,66.9647
11/27/2018,67.0611
11/26/2018,67.0954
11/23/2018,66.1953
11/22/2018,65.6232
11/21/2018,65.6668
11/20/2018,66.1682
11/19/2018,65.5405
11/16/2018,65.9801
11/15/2018,65.892
11/14/2018,67.0379
11/13/2018,68.1147
11/12/2018,67.846
11/9/2018,68.1088
11/8/2018,66.9029
11/7/2018,66.3182
11/6/2018,66.1311
11/2/2018,66.2021
11/1/2018,65.7256
10/31/2018,65.8789
10/30/2018,65.5526
10/29/2018,65.8499
10/26/2018,65.7188
10/25/2018,65.5962
10/24/2018,65.6765
10/23/2018,65.5107
10/22/2018,65.242
10/19/2018,65.4911
10/18/2018,65.8044
10/17/2018,65.4946
10/16/2018,65.3067
10/15/2018,65.6526
10/12/2018,66.1173
10/11/2018,66.2668
10/10/2018,66.8935
10/9/2018,66.2607
10/8/2018,66.5707
10/5/2018,66.5795
10/4/2018,67.0142
10/3/2018,65.87
10/2/2018,65.503
10/1/2018,64.9848
9/28/2018,65.5503
9/27/2018,65.6158
9/26/2018,65.8054
9/25/2018,65.8789
9/24/2018,65.8465
9/21/2018,66.4138
9/20/2018,66.2735
9/19/2018,66.8168
9/18/2018,67.3648
9/17/2018,68.0636
9/14/2018,68.0749
9/13/2018,68.2455
9/12/2018,69.0146
9/11/2018,69.4245
9/10/2018,70.5613
9/7/2018,69.9025
9/6/2018,69.2575
9/5/2018,68.2578
9/4/2018,68.1158
9/3/2018,68.1184
8/31/2018,67.5458
8/30/2018,68.2441
8/29/2018,67.9422
8/28/2018,67.87
8/27/2018,67.5231
8/24/2018,67.0894
8/23/2018,68.1905
8/22/2018,68.028
8/21/2018,67.2698
8/20/2018,67.1083
8/17/2018,67.0448
8/16/2018,66.8308
8/15/2018,67.2998
8/14/2018,66.337
8/13/2018,67.8125
8/10/2018,67.7061
8/9/2018,66.6899
8/8/2018,65.549
8/7/2018,63.5012
8/6/2018,63.7398
8/3/2018,63.3389
8/2/2018,63.3833
8/1/2018,63.0369
7/31/2018,62.5078
7/30/2018,62.2518
7/27/2018,62.7967
7/26/2018,62.9533
7/25/2018,62.8188
7/24/2018,63.3094
7/23/2018,63.0689
7/20/2018,63.5093
7/19/2018,63.6649
7/18/2018,62.9669
7/17/2018,62.5927
7/16/2018,62.3227
7/13/2018,62.5553
7/12/2018,62.2673
7/11/2018,62.3559
7/10/2018,61.737
7/9/2018,62.4951
7/6/2018,62.9677
7/5/2018,63.1154
7/4/2018,63.2333
7/3/2018,63.1266
7/2/2018,63.4293
6/29/2018,62.7338
6/28/2018,62.8012
6/27/2018,63.2109
6/26/2018,63.0303
6/25/2018,62.7825
6/22/2018,62.8773
6/21/2018,63.7063
6/20/2018,63.6888
6/19/2018,63.8736
6/18/2018,63.4583
6/15/2018,63.188
6/14/2018,62.6085
6/13/2018,62.5049
6/11/2018,62.8155
6/9/2018,62.5143
6/8/2018,62.3193
6/7/2018,62.4179
6/6/2018,61.7848
6/5/2018,62.1456
6/4/2018,62.0607
6/1/2018,62.2012
5/31/2018,62.403
5/30/2018,62.0777
5/29/2018,62.8181
5/28/2018,62.2991
5/25/2018,62.2765
5/24/2018,61.6104
5/23/2018,61.3504
5/22/2018,61.2143
5/21/2018,61.6018
5/18/2018,62.2749
5/17/2018,62.1747
5/16/2018,61.7229
5/15/2018,62.3277
5/14/2018,61.8468
5/11/2018,61.9193
5/10/2018,61.71
5/8/2018,63.2083
5/7/2018,62.9264
5/4/2018,62.5452
5/3/2018,63.0305
5/2/2018,64.0141
4/30/2018,62.9408
4/28/2018,62.2628
4/27/2018,62.1468
4/26/2018,62.7207
4/25/2018,62.4365
4/24/2018,61.6169
4/23/2018,61.8073
4/20/2018,61.3989
4/19/2018,60.8735
4/18/2018,60.8345
4/17/2018,61.5287
4/16/2018,61.1455
4/13/2018,62.0141
4/12/2018,62.0033
4/11/2018,62.5825
4/10/2018,63.0382
4/9/2018,60.6508
4/6/2018,58.1605
4/5/2018,57.701
4/4/2018,57.4433
4/3/2018,57.5754
4/2/2018,57.4961
3/30/2018,57.1444
3/29/2018,57.2599
3/28/2018,57.7175
3/27/2018,57.514
3/26/2018,57.1677
3/23/2018,57.2738
3/22/2018,57.2432
3/21/2018,56.8775
3/20/2018,57.5115
3/19/2018,57.8321
3/16/2018,57.4925
3/15/2018,57.4571
3/14/2018,57.1378
3/13/2018,57.0321
3/12/2018,56.8865
3/9/2018,56.6574
3/7/2018,56.8026
3/6/2018,56.6653
3/5/2018,56.4175
3/2/2018,56.8092
3/1/2018,56.8218
2/28/2018,56.3291
2/27/2018,56.2801
2/26/2018,55.7134
2/22/2018,56.5174
2/21/2018,56.7495
2/20/2018,56.5621
2/19/2018,56.471
2/16/2018,56.3906
2/15/2018,56.4008
2/14/2018,56.7102
2/13/2018,57.6292
2/12/2018,57.8294
2/9/2018,58.3863
2/8/2018,58.4188
2/7/2018,57.611
2/6/2018,56.8765
2/5/2018,57.2066
2/2/2018,56.5501
2/1/2018,55.9171
1/31/2018,56.2075
1/30/2018,56.3823
1/29/2018,56.3178
1/26/2018,56.2572
1/25/2018,55.9244
1/24/2018,56.178
1/23/2018,56.3553
1/22/2018,56.5021
1/19/2018,56.7174
1/18/2018,56.5177
1/17/2018,56.7504
1/16/2018,56.5307
1/15/2018,56.3352
1/12/2018,56.6433
1/11/2018,56.4285
1/10/2018,57.0222
1/9/2018,56.993
1/5/2018,56.9903
1/4/2018,56.8765
1/3/2018,57.2561
12/29/2017,57.6114
12/28/2017,57.5153
12/27/2017,57.7424
12/26/2017,57.623
12/25/2017,57.9674
12/22/2017,58.3697
12/21/2017,58.4615
12/20/2017,58.7035
12/19/2017,58.7743
12/18/2017,58.6635
12/15/2017,58.8009
12/14/2017,58.7556
12/13/2017,58.619
12/12/2017,59.296
12/11/2017,58.9983
12/8/2017,59.1639
12/7/2017,59.1867
12/6/2017,59.218
12/5/2017,58.7367
12/4/2017,58.8003
12/1/2017,58.896
11/30/2017,58.438
11/29/2017,58.6144
11/28/2017,58.3803
11/27/2017,58.4853
11/24/2017,58.3732
11/23/2017,58.4456
11/22/2017,58.5001
11/21/2017,59.1888
11/20/2017,59.3469
11/17/2017,59.0623
11/16/2017,59.6749
11/15/2017,60.2027
11/14/2017,60.2303
11/13/2017,59.3625
11/10/2017,59.2115
11/9/2017,59.2894
11/8/2017,59.2551
11/7/2017,59.3594
11/3/2017,59.08
11/2/2017,58.1619
11/1/2017,58.2807
10/31/2017,58.3289
10/30/2017,57.9716
10/27/2017,58.068
10/26/2017,57.856
10/25/2017,57.7552
10/24/2017,57.6412
10/23/2017,57.548
10/20/2017,57.4945
10/19/2017,57.2734
10/18/2017,57.4379
10/17/2017,57.2975
10/16/2017,57.3217
10/13/2017,57.174
10/12/2017,57.6879
10/11/2017,57.831
10/10/2017,57.9808
10/9/2017,58.347
10/6/2017,58.188
10/5/2017,57.6916
10/4/2017,57.6845
10/3/2017,57.9168
10/2/2017,57.899
9/29/2017,57.4898
9/28/2017,57.9127
9/27/2017,58.1983
9/26/2017,57.8226
9/25/2017,57.571
9/22/2017,57.4783
9/21/2017,57.901
9/20/2017,58.1041
9/19/2017,58.1302
9/18/2017,58.1199
9/15/2017,57.6329
9/14/2017,57.4996
9/13/2017,57.9559
9/12/2017,57.7056
9/11/2017,57.2123
9/8/2017,57.357
9/7/2017,56.9
9/6/2017,57.3641
9/5/2017,57.527
9/4/2017,57.8349
9/1/2017,57.5159
8/31/2017,58.006
8/30/2017,58.5678
8/29/2017,58.8299
8/28/2017,58.4388
8/25/2017,58.5828
8/24/2017,59.1624
8/23/2017,59.063
8/22/2017,59.0868
8/21/2017,59.1428
8/18/2017,59.0003
8/17/2017,59.234
8/16/2017,59.3852
8/15/2017,59.7038
8/14/2017,59.863
8/11/2017,59.8733
8/10/2017,60.117
8/9/2017,59.9945
8/8/2017,59.8262
8/7/2017,60.0388
8/4/2017,59.9798
8/3/2017,60.3489
8/2/2017,60.5811
8/1/2017,60.3483
7/31/2017,59.7719
7/28/2017,59.5578
7/27/2017,59.4968
7/26/2017,59.4064
7/25/2017,59.8868
7/24/2017,60.0094
7/21/2017,59.3829
7/20/2017,58.9316
7/19/2017,58.997
7/18/2017,59.1807
7/17/2017,59.355
7/14/2017,59.0851
7/13/2017,59.8363
7/12/2017,59.9962
7/11/2017,60.7255
7/10/2017,60.2273
7/7/2017,60.361
7/6/2017,60.1558
7/5/2017,59.9993
7/4/2017,59.4093
7/3/2017,59.284
6/30/2017,58.9401
6/29/2017,59.4146
6/28/2017,59.2004
6/27/2017,59.4894
6/26/2017,58.7853
6/23/2017,59.395
6/22/2017,59.946
6/21/2017,60.3063
6/20/2017,59.62
6/19/2017,58.4527
6/16/2017,57.779
6/15/2017,57.8743
6/14/2017,57.4307
6/13/2017,56.9845
6/9/2017,57.0237
6/8/2017,56.9048
6/7/2017,57.0911
6/6/2017,56.5353
6/5/2017,56.6103
6/2/2017,56.6453
6/1/2017,56.3983
5/31/2017,56.5617
5/30/2017,56.5497
5/29/2017,56.4855
5/26/2017,56.5203
5/25/2017,56.9672
5/24/2017,56.4127
5/23/2017,56.3695
5/22/2017,56.6293
5/19/2017,56.9264
5/18/2017,57.5828
5/17/2017,57.0978
5/16/2017,56.5699
5/15/2017,56.352
5/12/2017,57.0974
5/11/2017,57.0558
5/10/2017,57.4522
5/5/2017,57.9436
5/4/2017,58.3694
5/3/2017,57.3911
5/2/2017,57.0137
4/28/2017,56.9311
4/27/2017,56.9705
4/26/2017,57.1535
4/25/2017,56.1574
4/24/2017,55.8438
4/21/2017,56.4576
4/20/2017,56.2073
4/19/2017,56.5833
4/18/2017,56.2408
4/17/2017,55.9267
4/14/2017,56.3578
4/13/2017,56.2679
4/12/2017,56.6023
4/11/2017,56.9215
4/10/2017,57.1778
4/7/2017,57.248
4/6/2017,56.3955
4/5/2017,56.379
4/4/2017,56.0787
4/3/2017,56.083
3/31/2017,56.2665
3/30/2017,56.0929
3/29/2017,56.6068
3/28/2017,57.0335
3/27/2017,56.9101
3/24/2017,56.8904
3/23/2017,57.4353
3/22/2017,57.7887
3/21/2017,57.698
3/20/2017,57.2987
3/17/2017,57.2234
3/16/2017,57.7819
3/15/2017,58.396
3/14/2017,59.1627
3/13/2017,58.7928
3/10/2017,58.9965
3/9/2017,59.2998
3/7/2017,58.1777
3/6/2017,58.2036
3/3/2017,58.2217
3/2/2017,58.8302
3/1/2017,58.2831
2/28/2017,58.3058
2/27/2017,58.0784
2/24/2017,58.4175
2/22/2017,58.0668
2/21/2017,57.4153
2/20/2017,57.9656
2/17/2017,58.427
2/16/2017,57.5993
2/15/2017,57.2565
2/14/2017,57.1288
2/13/2017,57.9851
2/10/2017,58.2219
2/9/2017,58.96
2/8/2017,59.2323
2/7/2017,59.3378
2/6/2017,58.903
2/3/2017,58.9824
2/2/2017,59.4117
2/1/2017,60.128
1/31/2017,60.1589
1/30/2017,59.9332
1/27/2017,59.8178
1/26/2017,60.4317
1/25/2017,59.5145
1/24/2017,59.2511
1/23/2017,59.5022
1/20/2017,59.7521
1/19/2017,59.7304
1/18/2017,59.5544
1/17/2017,59.4025
1/16/2017,59.8588
1/13/2017,59.6869
1/12/2017,59.3491
1/11/2017,59.7256
1/10/2017,60.1636
1/9/2017,60.0788
1/6/2017,59.6046
1/5/2017,59.4481
1/4/2017,60.4653
1/3/2017,60.9133
12/30/2016,61.273
12/29/2016,60.4138
12/28/2016,60.3297
12/27/2016,60.6708
12/26/2016,60.9777
12/23/2016,61.0564
12/22/2016,60.9426
12/21/2016,61.15
12/20/2016,61.4518
12/19/2016,61.9306
12/16/2016,62.0946
12/15/2016,61.731
12/14/2016,62.0812
12/13/2016,60.6029
12/12/2016,61.0442
12/9/2016,62.4933
12/8/2016,63.2743
12/7/2016,63.2054
12/6/2016,63.8785
12/5/2016,63.8175
12/2/2016,63.882
12/1/2016,63.9759
11/30/2016,64.142
11/29/2016,65.0979
11/28/2016,64.8383
11/25/2016,64.9468
11/24/2016,64.4829
11/23/2016,64.4667
11/22/2016,63.7645
11/21/2016,63.9144
11/18/2016,64.6963
11/17/2016,64.8285
11/16/2016,64.7795
11/15/2016,64.1741
11/14/2016,66.0222
11/11/2016,65.7592
11/10/2016,65.4926
11/9/2016,63.8751
11/8/2016,63.7595
11/7/2016,63.638
11/3/2016,63.5806
11/2/2016,63.5101
11/1/2016,63.3208
10/31/2016,63.3823
10/28/2016,63.0059
10/27/2016,62.7163
10/26/2016,62.8987
10/25/2016,62.2667
10/24/2016,62.1881
10/21/2016,62.3778
10/20/2016,62.486
10/19/2016,62.2943
10/18/2016,62.8137
10/17/2016,63.1094
10/14/2016,62.9718
10/13/2016,63.0334
10/12/2016,63.0037
10/11/2016,62.67
10/10/2016,61.9853
10/7/2016,62.2051
10/6/2016,62.0861
10/5/2016,62.4194
10/4/2016,62.6713
10/3/2016,62.2769
9/30/2016,62.8343
9/29/2016,63.0892
9/28/2016,63.0129
9/27/2016,63.856
9/26/2016,63.9264
9/23/2016,64.0518
9/22/2016,63.6999
9/21/2016,63.8353
9/20/2016,64.7819
9/19/2016,64.6569
9/16/2016,65.1138
9/15/2016,64.7683
9/14/2016,65.1533
9/13/2016,65.2994
9/12/2016,64.5918
9/9/2016,64.8199
9/8/2016,63.9808
9/7/2016,64.1378
9/6/2016,64.5645
9/5/2016,65.0742
9/2/2016,65.0975
9/1/2016,65.9177
8/31/2016,65.3317
8/30/2016,65.2607
8/29/2016,64.7624
8/26/2016,64.8556
8/25/2016,64.6825
8/24/2016,65.1602
8/23/2016,64.5946
8/22/2016,64.8112
8/19/2016,63.906
8/18/2016,63.6637
8/17/2016,63.8325
8/16/2016,63.7823
8/15/2016,64.0429
8/12/2016,64.764
8/11/2016,64.3135
8/10/2016,64.87
8/9/2016,64.773
8/8/2016,64.6274
8/5/2016,65.5352
8/4/2016,65.7809
8/3/2016,66.2634
8/2/2016,66.6682
8/1/2016,66.9005
7/29/2016,66.0429
7/28/2016,66.6038
7/27/2016,65.9353
7/26/2016,65.9448
7/25/2016,65.4183
7/22/2016,64.8689
7/21/2016,64.3803
7/20/2016,63.7773
7/19/2016,63.5394
7/18/2016,62.8635
7/15/2016,63.5079
7/14/2016,62.8268
7/13/2016,63.8403
7/12/2016,63.8928
7/11/2016,64.1963
7/8/2016,63.9669
7/7/2016,64.5625
7/6/2016,64.2031
7/5/2016,64.3284
7/4/2016,63.9291
7/1/2016,63.804
6/30/2016,63.9731
6/29/2016,63.8232
6/28/2016,64.078
6/27/2016,65.4441
6/24/2016,65.2733
6/23/2016,63.83
6/22/2016,64.8807
6/21/2016,63.7824
6/20/2016,64.2835
6/17/2016,64.8461
6/16/2016,65.7658
6/15/2016,65.5585
6/14/2016,66.1385
6/10/2016,65.2705
6/9/2016,64.3363
6/8/2016,63.6131
6/7/2016,64.6133
6/6/2016,65.2693
6/3/2016,65.6149
6/2/2016,66.972
6/1/2016,67.1015
5/31/2016,66.6968
5/30/2016,65.7944
5/27/2016,66.1168
5/26/2016,65.8146
5/25/2016,65.4961
5/24/2016,66.1799
5/23/2016,66.826
5/20/2016,66.7833
5/19/2016,66.779
5/18/2016,65.9901
5/17/2016,64.7376
5/16/2016,64.8914
5/13/2016,65.4546
5/12/2016,64.8982
5/11/2016,64.9921
5/10/2016,66.2856
5/6/2016,65.947
5/5/2016,65.8616
5/4/2016,66.5318
4/29/2016,64.6542
4/28/2016,64.701
4/27/2016,65.1325
4/26/2016,65.1825
4/25/2016,66.5674
4/22/2016,66.4792
4/21/2016,66.8337
4/20/2016,65.1893
4/19/2016,65.8547
4/18/2016,66.0847
4/15/2016,66.405
4/14/2016,66.1361
4/13/2016,66.2975
4/12/2016,65.7183
4/11/2016,66.7928
4/8/2016,67.1262
4/7/2016,67.9942
4/6/2016,67.6066
4/5/2016,68.5667
4/4/2016,68.7464
4/1/2016,67.5855
3/31/2016,67.0288
3/30/2016,68.244
3/29/2016,68.0899
3/28/2016,68.5128
3/25/2016,68.447
3/24/2016,68.5601
3/23/2016,68.7234
3/22/2016,67.4914
3/21/2016,67.8348
3/18/2016,68.3703
3/17/2016,68.0758
3/16/2016,69.1734
3/15/2016,71.0474
3/14/2016,69.9772
3/11/2016,69.9192
3/10/2016,71.4291
3/9/2016,71.1102
3/7/2016,71.4779
3/4/2016,72.0326
3/3/2016,73.162
3/2/2016,73.0278
3/1/2016,73.3731
2/29/2016,75.1682
2/26/2016,76.1883
2/25/2016,75.3641
2/24/2016,75.7421
2/22/2016,75.3462
2/20/2016,77.0453
2/19/2016,76.9937
2/18/2016,76.4278
2/17/2016,75.04
2/16/2016,77.8876
2/15/2016,76.9807
2/12/2016,78.3558
2/11/2016,79.5917
2/10/2016,78.6429
2/9/2016,79.7087
2/8/2016,78.5509
2/5/2016,77.4872
2/4/2016,76.908
2/3/2016,76.8869
2/2/2016,79.7542
2/1/2016,77.3094
1/29/2016,75.4644
1/28/2016,76.3787
1/27/2016,77.6556
1/26/2016,78.3342
1/25/2016,80.0649
1/22/2016,78.045
1/21/2016,82.6813
1/20/2016,81.3906
1/19/2016,78.5908
1/18/2016,79.2942
1/15/2016,77.6411
1/14/2016,76.0647
1/13/2016,76.6724
1/12/2016,77.0394
1/11/2016,76.2
1/8/2016,74.805
1/7/2016,75.1
1/6/2016,74.7623
1/5/2016,73.326
1/4/2016,73.1655
1/1/2016,73
12/31/2015,72.999
12/30/2015,73.5963
12/29/2015,72.2122
12/28/2015,72.2113
12/25/2015,70.667
12/24/2015,70.2508
12/23/2015,69.6966
12/22/2015,71.245
12/21/2015,71.2254
12/18/2015,70.9601
12/17/2015,71.177
12/16/2015,70.3862
12/15/2015,69.9483
12/14/2015,70.5657
12/11/2015,70.3518
12/10/2015,69.1318
12/9/2015,69.3606
12/8/2015,69.4666
12/7/2015,69.4916
12/4/2015,68.1246
12/3/2015,67.5188
12/2/2015,67.4841
12/1/2015,66.6126
11/30/2015,66.4888
11/27/2015,66.4697
11/26/2015,65.8419
11/25/2015,65.5334
11/24/2015,65.4144
11/23/2015,65.8628
11/20/2015,64.7672
11/19/2015,64.6114
11/18/2015,64.7599
11/17/2015,65.1463
11/16/2015,65.2988
11/13/2015,66.7624
11/12/2015,66.6271
11/11/2015,65.4366
11/10/2015,64.581
11/9/2015,64.5941
11/6/2015,64.5929
11/5/2015,63.4329
11/4/2015,63.201
11/3/2015,62.5868
11/2/2015,63.6481
10/30/2015,63.9454
10/29/2015,64.4008
10/28/2015,63.9391
10/27/2015,64.9247
10/26/2015,63.0122
10/23/2015,62.3638
10/22/2015,62.5961
10/21/2015,63.0471
10/20/2015,62.11
10/19/2015,62.2839
10/16/2015,61.2708
10/15/2015,61.3889
10/14/2015,62.6939
10/13/2015,63.0786
10/12/2015,62.273
10/9/2015,61.811
10/8/2015,61.369
10/7/2015,62.6657
10/6/2015,63.3639
10/5/2015,64.7771
10/2/2015,66.0066
10/1/2015,65.6968
9/30/2015,65.4532
9/29/2015,65.7278
9/28/2015,66.0784
9/25/2015,65.5164
9/24/2015,66.0912
9/23/2015,66.4069
9/22/2015,66.0189
9/21/2015,66.0149
9/18/2015,66.5011
9/17/2015,65.4154
9/16/2015,65.3293
9/15/2015,66.705
9/14/2015,67.4673
9/11/2015,67.9536
9/10/2015,67.7313
9/9/2015,68.481
9/8/2015,67.9836
9/7/2015,69.098
9/4/2015,68.4838
9/3/2015,67.193
9/2/2015,67.0242
9/1/2015,66.7987
8/31/2015,64.2768
8/28/2015,65.423
8/27/2015,66.0333
8/26/2015,68.9066
8/25/2015,69.0514
8/24/2015,70.8892
8/21/2015,69.133
8/20/2015,67.9297
8/19/2015,66.6027
8/18/2015,65.8717
8/17/2015,65.5
8/14/2015,64.9938
8/13/2015,64.6977
8/12/2015,64.2518
8/11/2015,64.2719
8/10/2015,62.873
8/7/2015,64.037
8/6/2015,64.0149
8/5/2015,63.4619
8/4/2015,63.0518
8/3/2015,63.5263
8/2/2015,61.7417
8/1/2015,61.7417
